id,day,month,names,celebrations
008c4910-8cca-43fb-b2a1-52d9da8ce1b6,15,Ιούλιος,"Βλαδίμηρος, Βλαντίμηρος, Κήρυκος, Ιουλίτα, Ιουλίτη, Ιουλίττα, Ιουλίττη, Γιουλίτα, Γιουλίτη","Αγίου Βλαδιμήρου βασιλέως Ρωσίας, Αγίων Κηρύκου και Ιουλίττης Μεγαλομαρτύρων"
01179f31-ebd3-4f83-bbbd-ce4c85311f32,25,Οκτώβριος,"Χρυσάνθη, Χρυσάφιος, Χρυσάφης, Χρυσαφένια","Αγίας Ταβιθά, Αγίας Χρυσάνθης, Αγίου Χρυσαφίου"
017748f5-9547-4f0f-bb3e-234d6521a9f4,23,Φεβρουάριος,"Πολύκαρπος, Πολυχρόνης",Αγίου Πολυκάρπου
0266ccf0-15c3-44ab-9624-5750ae358730,6,Νοέμβριος,Λεονάρδος,Οσίου Λεονάρδου
02adcd9d-393f-4379-b899-cf2746231910,13,Απρίλιος,"Γερόντιος, Μαρτίνος, Μαρτίνη, Μαρτίνα, Τίνα, Βάια, Βάγια, Βαία, Βάιος, Δάφνη, Δάφνης","Αγίας Θεοδοσίας και Γεροντίου, Αγίου Μαρτίνου"
02c91967-e080-42c1-bfce-e5b53e5278bf,5,Μάιος,"Ειρήνη, Ρένα, Ρήνα, Ρηνιώ, Ρηνούλα, Ειρήνα, Ειρήνγκω, Ρένια, Ειρηναίος, Ρένος, Ειρηναία, Εφραίμ, Εφραίμιος, Εφραίμης, Ευφραίμ, Εφραιμία, Ευφραιμία, Ευφραιμίτσα","Αγίας Ειρήνης Μεγαλομάρτυρος, Αγίου Ειρηναίου, Αγίου Εφραίμ Μεγαλομάρτυρος"
038628eb-6950-4f9b-bf29-ac50fa3043b5,28,Αύγουστος,"Δάμων, Δάμωνας",Μάρτυρος Δάμωνος πρεσβυτέρου
04004f83-fadb-4f77-9cea-ed2526490692,5,Ιανουάριος,"Θεώνη, Θεωνάς, Θεόπεμπτος, Θεόπεμπτη, Συγκλητική","Αγίων Θεόπεμπτου και Θεωνά, Οσίας Συγκλητικής"
042b2ec6-7933-430f-aa0a-d48ebbbd21af,3,Ιούλιος,"Ανατόλιος, Ζουμπουλία, Υάκινθος, Υακίνθη, Υάνθη, Ιάνθη","Αγίων Ανατολίου και Ευλαμπίου, Αγίου Υακίνθου μάρτυρος"
04a4f513-0807-43bf-8de4-64aeeb00475a,17,Ιούνιος,"Ισμαήλ, Ισμαήλης, Ισμαήλος, Σμαήλης, Σμαήλος, Μαήλης, Μαήλος, Φήλιξ, Φίληξ, Φίλιξ, Φίληκας, Φίληξα, Φιλήκη, Φηλικίτη","Αγίου Ισμαήλ μάρτυρος, Αγίου Φήλικος"
04f5785e-4b6f-4339-b803-651ffecac34a,1,Ιανουάριος,"Βασίλειος, Βασίλης, Βάσος, Βασιλεία, Βασιλική, Βάσω, Βάσια, Βιβή, Βίκυ, Βίβιαν, Βασιλίνα, Εμμέλεια, Εμμελεία, Τηλέμαχος, Τηλεμάχη","Περιτομή Ιησού Χριστού, Μεγάλου Βασιλείου, Αγίας Εμμελείας, Αγίου Τηλεμάχου"
061037d1-cf65-4f44-af95-c7f5e511f4c4,13,Σεπτέμβριος,"Αριστείδης, Αρίστος, Άρης, Αριστέα, Αριστούλα, Αριστίνα, Κορνήλιος, Κορνήλης, Κορνήλος, Κορνηλία, Κορνήλα","Αγίου Αριστείδου μάρτυρος, Ιερομάρτυρος Κορνηλίου"
073f7ca8-7100-4a70-8d9c-8948b8683ac7,22,Ιανουάριος,"Αναστάσιος, Τάσος, Αναστάσης, Ανέστης, Αναστασία, Τασούλα, Τιμόθεος, Τίμος, Τιμάς, Τίμης, Θέος, Τιμοθέη, Τιμοθέα, Τίμα, Τίμη, Θέα, Θέη","Τιμοθέου Αποστόλου, Αγίου Αναστασίου του Πέρση"
07e3c4b7-878c-4c19-a23c-61162cf1959f,1,Νοέμβριος,"Κοσμάς, Δαμιανός, Δαμιανή, Ανάργυρος, Ανάργυρη, Αναργυρούλα, Δαβίδ, Δαυίδ, Διόνυσος","Αγίων Κοσμά και Δαμιανού των Αναργύρων, Οσίου Δαβίδ του Γέροντος εν Ευβοία, Οσιομάρτυρος Διονυσίου"
082883b6-ec26-4c80-b24f-f3b3d4c101d9,16,Ιούνιος,"Μνημόνιος, Τύχων, Τίχων",Αγίων Μνημονίου και Τύχωνος επισκόπων Αμαθούντος των θαυματουργών
089f7cda-12d9-493d-8016-68e7b1fafd96,29,Ιανουάριος,"Βαρσιμαίος, Βαρσάμης, Βαρσαμία, Βαρσάμω, Βαλσάμω, Βαλσαμία",Αγίου Βαρσιμαίου
0a3b62a1-79bf-4b4e-8f53-70fb5ff71328,25,Σεπτέμβριος,"Ευφροσύνη, Φροσύνη, Φρόσω, Ευφροσύνα, Φροσούλα, Φροσού, Έφη",Οσίων Ευφροσύνης και Παφνουτίου
0a693eac-ce28-4fbc-a325-d31ba33058a6,31,Δεκέμβριος,"Μελανία, Μέλανυ, Μελανή, Μαύρη",Οσίας Μελάνης της Ρωμαίας
0bafc0f3-2e09-4bce-9965-e6e3848ccaea,8,Φεβρουάριος,"Ζαχαρίας, Ζάχαρης, Ζάχαρος, Ζάκι, Ζάκης, Ζαχαρένια, Ζαχάρω, Ζαχαρούλα, Ζαχαρίτσα, Μάρθα","Προφήτου Ζαχαρία, Αγίων Μάρθας Μαρίας και Λυκαρίωνος, Αγίου Θεοδώρου του Στρατηλάτη"
0bec08c2-8727-4ab3-a4b7-ddf1689c32f9,21,Αύγουστος,"Αποστόλου Θαδδαίου, Βάσσης και των τέκνων αυτής, Αλεξάνδρου του εν Ικονίω",NULL
0c322192-e4ac-4859-b2d6-0b9740613b8b,19,Οκτώβριος,"Κλεοπάτρα, Κλειώ, Πάτρα, Πατρούλα, Πατρίτσα, Φήλιξ, Φίληξ, Φίλιξ, Φίληκας, Φίληξα, Φιλήκη, Φηλικίτη","Οσίας Κλεοπάτρας, Αγίου Φίλωνος μάρτυρος"
0e83216b-ba91-4c74-a4e8-10f7f37f082a,17,Δεκέμβριος,"Δανιήλα, Δανιέλα, Δανιηλίτσα, Δανιήλ, Δανιήλος, Δανιέλος, Ντάνιελ, Ανανίας, Νίνος, Αζαρίας, Μισαήλ, Διονύσιος, Διονύσης, Νιόνιος, Νύσης, Ντένης, Διονυσία, Διονυσούλα, Νύσα, Σίσσυ, Ντενίζ, Ντενίς, Ίακχος, Ίακχη","Δανιήλ του Προφήτου και των Αγίων τριών παίδων, Αγίου Διονυσίου αρχιεπισκόπου Αιγίνης του θαυματουργού, Μάρτυρος Ιάκχου του Τριγληνού"
0fd23f99-3881-4946-a76d-a4a0f89412c1,7,Οκτώβριος,"Σέργιος, Σεργία, Σεργιανή, Σεργιούλα, Βάκχος, Βάκχη, Βακχία, Πολυχρόνης, Πολυχρόνιος, Χρόνης, Πολυχρονία, Πολυχρονούλα","Μαρτύρων Σεργίου και Βάκχου, Ιερομάρτυρος Πολυχρονίου"
11c45669-96eb-4dca-8f6d-2a949447afb9,23,Μάιος,NULL,"Μαρτύρων Σελεύκου και Σαλωνά του Ρωμαίου, Οσιομάρτυρος Λουκά εν Μυτιλήνη, Μυροφόρου Μαρίας του Κλωπά"
12e082a7-19f1-4cf4-905d-2a38657d2aa2,12,Σεπτέμβριος,NULL,"Απόδοσις της εορτής του Γενεσίου της Θεοτόκου, Ιερομαρτύρων Αυτονόμου και Κουρνούτου επισκόπου Ικονίου"
13b74d96-fc88-48d3-854f-552b73eb6719,10,Απρίλιος,"Μάξιμος, Μάξιμη, Μάξιμα, Αναξιμένης, Μένης, Δημοσθένης, Δήμος, Διονύσιος, Διονύσης, Νιόνιος, Νύσης, Ντένης, Διονυσία, Διονυσούλα, Νύσα, Σίσσυ, Ντενίζ, Ντενίς, Επαμεινώνδας, Νώντας, Ετεοκλής, Ζήνων, Ηρακλής, Ηρακλεία, Ηρακλίτσα, Ηφαιστίων, Θεμιστοκλής, Θέμης, Θεμιστοκλεία, Θεμίστω, Θεόφραστος, Θησέας, Θησεύς, Ισοκράτης, Μιλτιάδης, Μίλτος, Ξενοφών, Ξενοφώντας, Φώντας, Φόντας, Φόνης, Ξενοφωντία, Ξενοφωντίνα, Ξενοφούλα, Ξενοφώντη, Ξένια, Όμηρος, Παρμενίων, Πελοπίδας, Περικλής, Πίνδαρος, Πολύβιος, Προμηθεύς, Σοφοκλής, Σοφόκλεια, Σωκράτης, Σωκρατίνα, Σωκρατία, Τιμόθεος, Τίμος, Τιμάς, Τίμης, Θέος, Τιμοθέη, Τιμοθέα, Τίμα, Τίμη, Θέα, Θέη, Φιλοποίμην, Φίλης, Φωκίων, Φώκος",Αγίων Αφρικανού Θεοδώρου Μαξίμου Πομπηίου Τερεντίου και τριάντα εννέα Μαρτύρων
1433cb50-26b3-4b22-b395-e01a7ec3ce19,2,Ιούλιος,"Ιουβενάλιος, Ιουβενάλης, Γιουβενάλης, Ιουβεναλία","Κατάθεσις της τιμίας Εσθήτος της Παναγίας Θεοτόκου εν Βλαχερναίς, Ιουβεναλίου πατριάρχου Ιεροσολύμων"
152df740-e6f6-4148-85a5-8f15ab2e498a,13,Ιανουάριος,"Ερμύλλος, Ερμίλλος, Ερμύλλη, Ερμίλλη, Ερμύλα",Αγίων Ερμύλου και Στρατόνικου των μαρτύρων
167b6f48-ce55-4608-ae62-cbbe073d4ca4,11,Φεβρουάριος,"Βλάσιος, Βλάσης, Βλάσος, Βλασία, Βλασούλα, Θεοδώρα, Δώρα, Ντόρα, Αυγή, Αυγούλα","Αγίου Βλασίου Ιερομάρτυρος, Οσίας Θεοδώρας της Αυγούστας"
16ac5a6d-738f-4aa7-b753-8b2591a86584,2,Ιανουάριος,"Σεραφείμ, Σεραφειμία, Σεραφείμα, Σεραφίνα, Σεραφειμή, Σεραφειμούλα, Σεραφειμίτσα, Σίλβεστρος, Σιλβέστρης, Σίλβης, Σιλβέστρα, Σίλβα","Οσίου Σεραφείμ του Σαρώφ, Αγίου Σιλβέστρου Επισκόπου Ρώμης, Οσίου Σιλβέστρου εκ Ρωσίας"
179aab4c-5d57-421b-92dd-61e14ce15ce7,8,Δεκέμβριος,Πατάπιος,Οσίου Παταπίου εν Λουτρακίω
17e42c39-17b0-40d7-bc5b-9d3088265fec,2,Νοέμβριος,"Ακίνδυνος, Ακίνδυνη, Ανεμπόδιστος, Ανεμπόδιστη, Αφθόνιος, Αφθονία, Ελπιδηφόρος, Ελπιδοφόρος, Ελπιδηφόρα, Ελπιδοφόρα, Πήγασος, Πηγάσιος, Πηγασία","Ακίνδυνου, Αφθονίου, Ελπιδοφόρου, Πηγασίου και Ανεμποδίστου των Μαρτύρων"
18edeb84-92a9-482b-a76b-27104a4a43f7,23,Ιούνιος,"Αριστοκλής, Αριστοκλέας, Αριστόκλεος, Αγριππίνα, Λούλου, Λούλα, Λούλης","Αγίου Αριστοκλέους πρεσβυτέρου του Ταμασού, Αγίας Αγριππίνης μάρτυρος, Αγίας Λολλίας μάρτυρος"
19565f75-ddf6-4ad6-bdd7-9c83b0c9efbf,12,Νοέμβριος,Νείλος,"Ιωάννου αρχιεπισκόπου Αλεξανδρείας και Λέοντος πατριάρχου Κωνσταντινουπόλεως, Μαρτύρων Αντωνίου Γερμανού και Νικηφόρου, Αρσακίου, Αγίου Νείλου"
19fc5390-3f8b-41c2-a905-7c5726ee21e7,22,Ιούνιος,"Ζήνα, Ζένα, Ζένια, Ζηνάς, Ζένας, Ζένος, Ευσεβεία, Σέβη, Ευσεβούλα, Σεβούλα, Ευσέβιος, Ευσεβής","Αγίων Ζήνωνος και Ζωνά μαρτύρων, Αγίου Ευσεβίου Ιερομάρτυρος"
1a31ee10-ca29-462b-805c-956f229e7c79,2,Απρίλιος,"Τίτος, Τίτης, Τίτα, Τίτη",Οσίου Τίτου του θαυματουργού
1a33d06e-8e72-48d5-817d-f03bc08ff66b,28,Μάρτιος,NULL,"Αποστόλου και Μάρτυρος Ηρωδίωνος επισκόπου Πατρών, Οσίου Ιλαρίωνος του νέου ηγουμένου μονής της Πελεκητής"
1aefd258-6a72-457b-9096-584befa76099,5,Οκτώβριος,"Χαριτίνη, Χαριτίνα, Χαρίτη, Τίνα, Χαρά, Μεθοδία, Ερμογένης","Αγίας Χαριτίνης μάρτυρος, Οσία Μεθοδία της Κιμώλου, Αγίου Ερμογένη"
1b088078-f386-4b1c-bd80-cb0f0a919440,24,Μάρτιος,NULL,"Προεόρτια του Ευαγγελισμού της Θεοτόκου, Ιερομάρτυρος Αρτέμονος επισκόπου Σελευκείας της Πισιδίας"
1b546b18-c6d4-4dbd-a222-a6b9834da04b,15,Ιανουάριος,NULL,"Μαρτύρων Ελένης Ελπιδίου Δάνακτος και Πανσοφίου, Οσίων Παύλου του Θηβαίου και Ιωάννου του Καλυβίτου"
1b827f55-7b0f-42a0-b3fd-a94dc9dc7710,15,Οκτώβριος,"Λουκιανός, Λουκιανή",Αγίου Λουκιανού πρεσβυτέρου Αντιοχείας
1bd3b335-e089-4af8-83fc-d460bd57bd79,30,Μάρτιος,NULL,"Ιερομάρτυρος Ζαχαρίου του νέου επισκόπου Κορίνθου, Ιωάννου της «Κλίμακος», Ιωάννου της Κλίμακος"
1ccd5985-5ddf-40ca-833c-edd6836a1d66,1,Δεκέμβριος,"Θεόκλητος, Θεοκλήτη, Ναούμ, Ναούμης, Ναόμι, Ναούμα, Φιλαρέτη, Φιλάρετος, Φιλαρέτης, Αρετή, Αρετούσα, Φαιναρέτη","Αγίου Θεοκλήτου επισκόπου Λακεδαιμονίας θαυματουργού, Προφήτου Ναούμ, Αγίου Φιλαρέτου ελεήμονος"
1cee6dcb-45c4-4864-92aa-912046c292ac,26,Μάιος,"Αλφαίος, Καρπός, Συνέσιος, Συνέσης, Συνεσία","Αγίου Αλφαίου, Αγίου Κάρπου του Αποστόλου, Αγίου Συνεσίου"
1d2c1255-2d1c-4645-85db-c34be037e1bf,20,Ιούλιος,"Ηλίας, Λιάκος, Λιάκουρας, Λίας, Ηλιάνα, Λιάνα, Ηλιάννα, Ήλια",Προφήτη Ηλία
1d55c5af-2a7e-4c52-85d5-af4459dc8d5e,12,Δεκέμβριος,"Σπυρίδων, Σπυρίδωνας, Σπύρος, Σπυρέτος, Σπυράκης, Σπυράκος, Σπήλιος, Σπυριδούλα, Σπυρούλα, Σπυρέτα, Σπυρίνα, Σπυρίδινα, Λούλα",Αγίου Σπυρίδωνος
1e468f0f-339e-4e3c-ab7e-091e7cd72e8d,19,Φεβρουάριος,"Φιλόθεος, Φιλοθέη, Φιλοθέα",Αγίας Φιλοθέης της Αθηναίας
1e8e839b-dbae-46bb-b418-37ca8dc07735,9,Απρίλιος,"Ευψύχιος, Εύψυχος, Ευψύχης, Ευψυχία, Ευψυχούλα, Ευψυχίτσα, Ψυχούλα",Αγίου Ευψυχίου μάρτυρος
211f7de9-b4b2-45a4-b6f8-d1f4bf7da18a,5,Ιούνιος,"Δωροθέα, Δωρόθεος, Πλούταρχος, Κύνθια, Κυνθία, Απόλλωνας, Απόλλων, Νικανδρία, Νίκη, Νίκανδρος, Σεληνιάς, Σελήνος, Σελήνιος, Σεληνιάδα, Σεληνία, Σελήνη, Σελήνα","Αγίου Δωροθέου ιερομάρτυρος, Αγίου Πλουτάρχου μάρτυρος, Αγίων δέκα Μαρτύρων της Αιγύπτου"
21d8108a-edaf-47f4-add0-675152bc70aa,10,Μάιος,Σίμων,Αγίου Σίμωνος του Αποστόλου
22bb1c5e-2a67-45e4-8a8f-a38fd6543357,15,Απρίλιος,"Λεωνίδας, Λεωνίδης, Λεώ, Λεωνιδία, Κρήσκης","Αγίου Λεωνίδη Ιερομάρτυρος, Άγιου Κρήσκη του Μάρτυρα"
22bc4d5b-7435-4810-8d67-abc6d3ffd92c,10,Αύγουστος,"Ηρωνία, Ηρώ, Ήρων, Λαυρεντία, Λώρα, Λωραίνη, Λάουρα, Λαυρεντίνα, Λαυρέντιος, Λαυρέντης, Ιππόλυτος, Ιππολύτη, Ιππολύτα, Πόλυ","Αγίου Ήρωνος, Αγίων Λαυρεντίου και Ιππολύτου των μαρτύρων"
2334ea03-44e9-41ec-a811-c41e13bbd778,2,Ιούνιος,"Μαρίνος, Νικηφόρος, Νικηφορία, Νικηφόρα","Οσίου Μαρίνου του Βαάνη, Αγίου Νικηφόρου ομολογητού"
23766ccc-20fc-44b7-b699-47c92f2cbaf3,11,Ιανουάριος,"Θεοδόσιος, Θεοδόσης, Δόσιος, Δόσης, Τεό",Οσίου Θεοδοσίου του κοινοβιάρχου
24890df9-25d4-4112-bece-6a2ed7137be1,16,Οκτώβριος,NULL,"Μάρτυρος Λογγίνου του εκατοντάρχου, Μαρτύρων Δομετίου, Δομνίνου, Λεοντίου και Τερεντίου"
25284cd2-c6de-4441-ab63-7b65a04e71a8,7,Σεπτέμβριος,"Κασσιανή, Κάσσυ, Κασιανή, Κασία, Κασσιανός, Κασιανός, Κάσσιος, Κάσιος, Κάσσος, Κάσσης, Σώζων, Σώζος, Σώζης, Σώζη, Σωζούσα, Σώζα","Οσίας Κασσιανής της μοναχής, Αγίου Σώζοντος μάρτυρος"
259b69ea-7a31-455f-b093-e9b408e24e7e,4,Οκτώβριος,"Βερίνα, Βερίνη, Βέρα, Βερούλα, Βερούλη, Ιερόθεος, Καλλισθένης, Καλλισθένη","Αγίων Δομνίνης και Βερίνης, Αγίου Ιεροθέου του Αρεοπαγίτου, Αγίων Αδαύκτου και Καλλισθένης"
26b771bf-9083-4376-95e5-42231964821e,7,Απρίλιος,NULL,"Μάρτυρος Καλλιοπίου εν Πέργη, Μαρτύρων Ακυλίνας και Ρουφίνου και των συν αυτοίς διακοσίων"
271f7d86-0855-4ff2-ba0c-8a5209fc7a93,22,Μάιος,"Αιμιλία, Εμιλία, Έμιλυ, Έμμα, Μίλια, Αιμίλιος, Μίλιος, Κόδρος, Κόδρα","Αγίων Αιμιλίου και Κάστου, Αγίου Κοδράτου μάρτυρος"
2758aaf5-ceda-4fda-a82c-ecac45f635de,26,Σεπτέμβριος,NULL,"Ευρωπαϊκή Ημέρα Γλωσσών, Η μετάστασις του ευαγγελιστού Ιωάννου του θεολόγου, Αγίου και δικαίου Γεδεών"
27758a76-b160-4b6c-8d34-9e61c1323013,31,Μάιος,"Ερμείας, Ερμειάς, Ερμεία, Μάγια, Μάγος","Αγίου Ερμείου μάρτυρος, Αγίου Μάγου"
27e53ba3-91b1-48b4-b193-749a57f7f2fe,23,Ιανουάριος,"Αγαθάγγελος, Αγαθαγγέλα, Αγαθαγγέλη, Κλήμης, Κλημεντίνη, Κλημεντίνα, Κλεμεντίνη, Κλεμεντίνα, Διονύσιος, Διονύσης, Νιόνιος, Νύσης, Ντένης, Διονυσία, Διονυσούλα, Νύσα, Σίσσυ, Ντενίζ, Ντενίς","Αγίων Κλήμη και Αγαθαγγέλου, Αγίου Διονυσίου του εν Ολύμπω"
28749a51-d390-4a5b-8e6d-a023dd284d90,24,Αύγουστος,"Αιτωλία, Ευτυχία, Ευτυχούλα, Ευτυχίτσα, Έφη, Ευτύχιος, Ευτύχης","Κοσμά του Αιτωλού, Αγίου Ευτυχούς Ιερομάρτυρος"
28eef2de-b091-405b-9d37-c4725f458557,11,Αύγουστος,"Εύπλους, Εύπλος, Εύπλοος",Μάρτυρος Εύπλου του διακόνου
28f4af84-5812-4da9-b925-0bc721759752,7,Ιούνιος,"Ζηναΐς, Ζηναΐδα, Παναγής, Πανάγος, Σεβαστιανή, Σεβαστίνα, Σεβαστιάνα, Σεβαστή, Σέβη, Σεβούλα, Σεβαστούλα","Αγίας Ζηναΐδος θαυματουργού, Αγίου Παναγή εκ Κεφαλληνίας, Οσίας Σεβαστιανής θαυματουργού"
298c3bbf-5e09-4de6-b07f-788958949824,19,Μάρτιος,"Χρυσάνθη, Χρύσανθος, Χρυσανθίς, Χρυσάνθης, Δαρεία, Δάρα, Δάρω",Αγίων Χρυσάνθου και Δαρείας των Μαρτύρων
2c50013f-71c0-43b4-81ec-fcf288764f68,18,Δεκέμβριος,"Σεβαστιανός, Σεβαστίνος, Σεβαστός, Σέβος, Σέβης, Φλώρα, Φλωρή, Φλωρίτσα, Φλώρος, Φλώρης","Αγίου Σεβαστιανού του Συγκλητικού, Οσίου Φλώρου επισκόπου Αμνησού"
2cc82414-36cc-41e4-a64f-cd5434db3b8d,11,Οκτώβριος,"Φιλίππου, Ζηναΐδα, Φιλονίλλη","Φιλίππου εκ των επτά διακόνων του εν Τράλλεσιν, Οσίων Ζηναΐδος και Φιλονίλλης"
2d03bebe-08fe-4664-892c-9d821592fe31,6,Ιανουάριος,"Φώτιος, Φώτης, Φωτεινός, Φώτις, Φωτεινή, Φανή, Φένια, Φώτω, Φώφη, Φωτούλα, Φαίη, Φωφώ, Θεοφάνης, Φάνης, Θεοφανία, Φάνια, Φανούλα, Ιορδάνης, Ντάνης, Δάνης, Ιορδάνα, Ντάνα, Δάνα, Ουρανία, Ράνια, Περιστέρα, Θεοπούλα, Θεόπη",Τα Άγια Θεοφάνεια (Φώτα)
2db4cee2-e227-4b14-9416-89aa9d2bf1ab,11,Μάιος,"Αρμόδιος, Αρμόδης, Μεθόδιος, Αργύρης, Αργύριος, Αργυρή, Αργυρούλα, Ρούλα, Αργυρώ, Ασημίνα, Ολυμπία, Ολυμπιάδα, Ολύμπω, Ολύμπη, Όλια, Ολυμπούλα, Ολυμπιάς, Διοσκουρίδης, Διοσκορίδης, Διόσκορος, Βηθεσδά","Του Παραλύτου, Αγίου Αρμοδίου μάρτυρος, Αγίων Κυρίλλου και Μεθόδιου, Αγίου Αργυρίου εξ Επανωμής, Αγίας Ολυμπίας οσιομάρτυρος, Αγίου Διοσκόρου του νέου"
2dbd7665-9af5-4895-96f7-3c3cafccff2b,20,Μάρτιος,"Κλώντια, Κλόντια, Κλαύδια, Κλό, Ροδιανός, Ροδινός, Ροδίνης, Ρόδης, Ροδιανή, Ροδιάνα, Ροδή, Ροδία","Αγίας Κλαυδίας, Αγίου Ροδιανού"
2e67d3cf-4eb3-4ac8-bd9b-6b4ac14c5738,9,Οκτώβριος,"Αβραάμ, Αβραμία, Λωτ, Λοτ",Αγίων Αβραάμ του Πατριάρχου και Λωτ του ανηψιού
2e83a39c-0591-46f1-a59c-478d65d09076,23,Δεκέμβριος,Νήφων,"Των εν Κρήτη 10 μαρτύρων, Οσίου Νήφωνος επισκόπου Κωνσταντιανής"
2e886ff0-2974-467d-b496-3d979f369bfc,5,Ιούλιος,"Λαμπαδός, Λαμπαδία, Λαμπαδίνα, Λαμπαδή",Οσίου Λαμπαδού
2efbe0ae-b7d7-431b-8dff-9c79b15f3f9c,22,Σεπτέμβριος,"Ζωγραφιά, Λουίζα, Λοΐζος, Φωκάς, Φώκιος, Φώκης, Φωκία, Φωκίνα","Οσίου Κοσμά του Ζωγραφίτη, Ιερομάρτυρος Φωκά επισκόπου Σινώπης"
2f63b785-5116-4068-95d8-0ffc8ae0caa0,19,Νοέμβριος,NULL,"Προφήτου Αβδιού, Μαρτύρων Αγαπίου και Άζη του θαυματουργού"
2f7d1041-daf7-4772-9e5b-c183682a6fe3,6,Ιούλιος,"Λύκιος, Λυκίας, Λυκία, Σάτυρος, Σάτος, Σισώης","Αγίων εικοσιτεσσάρων Μαρτύρων, Αγίου Σισώη"
2fbb10bc-e865-4a07-b933-69138bacfa19,22,Ιούλιος,"Μαγδαληνή, Μάγδα, Μαγδούλα, Μαγδαλένα, Μαγδαλένια, Μαγδαλή, Μαγδάλω, Μαριλένα, Μαριαλένα, ΜαρίαΕλένη, Μαρκελλά, Μαρκελα, Μαρκελλή, Μαρκελή, Μενέλαος","Αγίας Μαρίας Μαγδαληνής της Μυροφόρου, Αγίας Μαρκέλλης παρθενομάρτυρος Χιοπολίτιδος, Οσίου Μενελάου"
2fd15adf-6fdc-4cdb-b406-6cbd401dece8,20,Σεπτέμβριος,"Ευστάθιος, Στάθης, Σταθάς, Σταθάκος, Ευσταθία, Σταθούλα, Σταθία, Ευσταθούλα, Θεοπίστη, Πίστη, Θεόπιστος","Ευσταθίου μεγαλομάρτυρος και συνοδείας: Θεοπίστης, Αγαπίου και Θεοπίστου"
306809db-4f38-41a3-82a3-d6459bb2bc95,6,Σεπτέμβριος,"Βίβος, Βιβή, Ευδόξιος, Ευδόξης, Δόξης, Λιγερή","Οσιμάρτυρος Βίβου, Αγίου Ευδοξίου, Αγίας Λυγερής της Χιοπολίτιδος"
3075e3b1-6e5a-448b-93c2-69a123517914,1,Σεπτέμβριος,"Αδαμάντιος, Αδάμος, Αδάμας, Διαμαντής, Αδαμαντία, Αμάντα, Άντα, Διαμάντω, Ρουμπίνη, Μαντώ, Αθηνά, Ακριβή, Αντιγόνη, Γόνη, Ασπασία, Αφροδίτη, Φρέγια, Διώνη, Διόνη, Δωδώνη, Ελπινίκη, Ερασμία, Ερατώ, Τέτη, Ευτέρπη, Θάλεια, Θεανώ, Θεονύμφη, Καλλιρόη, Καλλιρρόη, Καλλίστη, Κλειώ, Κλεονίκη, Κλεοπάτρα, Κλειώ, Πάτρα, Πατρούλα, Πατρίτσα, Κοραλία, Ραλλία, Ραλία, Ραλλού, Ραλού, Ράλλης, Μαργαρίτα, Μαργαριταρένια, Ρίτα, Μαργαρίτης, Μαριάνθη, Μελπομένη, Μέλπω, Μόσχω, Μοσχούλα, Ουρανία, Ράνια, Πανδώρα, Πηνελόπη, Μπηλιώ, Μπιλιώ, Πίτσα, Πολύμνια, Πολυνίκη, Πολύνα, Πόλυ, Σαπφώ, Τερψιχόρη, Χάιδω, Χαϊδευτός, Χαρίκλεια, Χαρά, Χαρούλα, Ιησούς, Μελέτιος, Μελέτης, Μελετία, Μελετούλα, Μελετίνα, Συμεών, Συμεώνης, Σύμος, Συμεωνή, Συμεωνία, Συμεώνα, Σύμη, Ισμήνη, Πολυτίμη","Αγίων Σαράντα Παρθένων και ασκητριών, Αγίου Ιησού του Ναυή, Οσίου Μελετίου του νέου, Οσίου Συμεών του Στυλίτου"
31787dce-7534-4844-af0c-c76a9e97b9db,18,Αύγουστος,"Αρσένιος, Αρσένης, Αρσενία, Αρσίνα, Αρσινόη, Λαύρος, Λαύρης, Λάουρος, Λαύρα, Λάουρα, Φλώρα, Φλωρή, Φλωρίτσα, Φλώρος, Φλώρης","Οσίου Αρσενίου του νέου ασκήσαντος εν Πάρω, Μαρτύρων Φλώρου και Λαύρου"
3210cc82-b68b-49f7-9602-2009c4fb680f,16,Αύγουστος,"Αλκιβιάδης, Άλκης, Άλτσος, Γεράσιμος, Μάκης, Μικές, Μίκης, Γερασιμούλα, Διομήδης, Σεραφείμ, Σεραφειμία, Σεραφείμα, Σεραφίνα, Σεραφειμή, Σεραφειμούλα, Σεραφειμίτσα, Σαράντης, Σαράντος, Σαράντω, Σαραντούλα, Απόστολος, Τόλης, Αποστόλης, Λάκης, Αποστολία, Λία, Αποστολίνα, Πολίνα, Λίνα, Σταμάτης, Σταμάτιος, Στάμος, Σταμούλης, Σταμέλος, Σταμέλης, Σταμελάς, Σταματία, Μάτα, Ματούλα, Ματίνα, Σταματίνα, Σταμάτα, Σταμέλα, Σταμούλα, Σταματή, Μάτω, Σταματέλλα","Αγίου Αλκιβιάδου μάρτυρος, Οσίου Γερασίμου Νέου ασκητού, Αγίου Διομήδου μάρτυρος, Εύρεση Τιμίων Λειψάνων Αγίων Σεραφείμ και Σαράντη, Άγιος Απόστολος ο Νέος (Άγιος Λαυρέντιος Πηλίου), Αγίου Σταματίου από Βόλο"
321d59ef-9e72-40bd-bacb-ab0a99723647,14,Αύγουστος,NULL,"Προεόρτια της Κοιμήσεως της Θεοτόκου, Μιχαίου του προφήτου"
3335bb1c-5ffc-4fed-8678-edf2429395f9,16,Δεκέμβριος,"Θεοφανώ, Μόδεστος","Αγίας Θεοφανούς της θαυματουργού, Αγίου Μοδέστου πατριάρχου Ιεροσολύμων"
34574e23-7467-4f66-a658-de2ac4d3e706,24,Ιανουάριος,"Ζωσιμάς, Ζωσιμίνα, Ξένη, Ξένια, Ξένος, Ξένιος, Φίλωνας, Φίλων, Νεόφυτος, Νεοφυτία, Νεοφύτη","Οσίου Ζωσιμά, Οσίας Ξένης, Οσίου Φίλωνος, Οσίου Νεοφύτου του Εγκλείστου"
3495666f-8615-4be3-8906-332cdd269ab2,1,Ιούνιος,"Ευέλπιστος, Ευελπίστη, Ιέραξ, Ιέρακας, Γέρακας, Γεράκης, Γερακίνα, Πύρρος, Πύρος, Πύρρα, Πύρα, Θεσπέσιος, Θεσπέσης, Θεσπέσια, Ιουστίνος","Αγίων Ευελπίστου και Ιέρακος μαρτύρων, Οσίου Πύρρου του παρθένου, Αγίου Θεσπέσιου μάρτυρος, Αγίου Ιουστίνου μάρτυρος"
350a5eec-4230-4821-b082-a47272775fa1,28,Ιανουάριος,"Παλλάδιος, Παλάδιος, Παλλάδης, Παλάδης, Χάρις","Οσίου Παλλάδιου, Αγίας Χάριτος"
35d4e0b3-d219-4d51-9789-e429054f0a11,7,Αύγουστος,"Αστέριος, Αστέρης, Αστρινός, Αστερινός, Αστρινή, Αστέρω, Αστερία, Αστρούλα, Αστερινή, Νικάνωρ, Νικάνορας","Οσιομάρτυρος Αστερίου θαυματουργού, Οσίου Νικάνορος θαυματουργού εν Ζάβορδα"
366154bb-0f7e-49ac-ab6b-d026b885e4fc,19,Ιούλιος,"Γαρυφαλλιά, Γαριφαλιά, Διός, Δίας, Μακρίνα","Οσίου Δίου, Οσίας Μακρίνης αδελφής Μεγάλου Βασιλείου"
37e85543-e916-43a9-9264-d2b505424f7b,3,Μάρτιος,"Κλεόνικος, Κλεονίκη, Νίκη, Κλεονίκω, Θεοδώρητος","Αγίου Κλεονίκου, Αγίου Θεοδώρητου"
3937ae7e-a266-4b7b-922a-260f96245d9a,14,Νοέμβριος,"Γρηγόρης, Γρηγόριος, Γόλης, Γρηγορία, Φίλιππος, Φίλιππας, Φιλιππής, Φιλιππάκης, Φιλίτσα","Γρηγορίου του Παλαμά αρχιεπισκόπου Θεσσαλονίκης, Φιλίππου του Αποστόλου"
3c951168-ebe9-4719-a843-5cf542343ba3,30,Οκτώβριος,"Απολλωνία, Αστέριος, Αστέρης, Αστρινός, Αστερινός, Αστρινή, Αστέρω, Αστερία, Αστρούλα, Αστερινή, Ζηνοβία, Ζήνα, Τζήνα, Τζίνα, Ζελίνα, Ζηνόβιος, Ζηνοβής, Ζήνος, Τζήνος, Κλεόπας, Πάκης, Κλεόπιος, Κλεοπάκης, Κλεοπία, Κρόνος, Κρονίων, Κρονίωνας, Κρονίος, Κρονία, Μαρκιανός, Μαρκίνος, Τέρτιος, Τέρτος, Τέρτης, Τερτίνος, Τέρτια, Τέρτα, Τέρτη, Τερτίνα","Αγίας Απολλωνίας της παρθένου, Αγίου Αστερίου μάρτυρος, Αγίων Ζηνοβίου και Ζηνοβίας αδελφών, Αποστόλου Κλεόπα, Αγίου Κρονίωνος μάρτυρος, Ιερομάρτυρος Μαρκιανού επισκόπου Συρακουσών, Αποστόλου Τερτίου επισκόπου Ικονίου"
3cd3533a-674b-4483-a09d-dc2b823f5cce,15,Μάρτιος,Αγάπιος,Αγίου Αγαπίου του μάρτυρος
3fe8c15d-fe82-4914-9c4d-24889077e95b,8,Νοέμβριος,"Αγγελική, Άντζελα, Άντζυ, Αγγέλα, Αγγελίνα, Άγγελος, Αγγελής, Γαβριήλ, Γαβρίλος, Γαβρίλης, Γαβριέλα, Γαβρίλα, Γαβριηλίτσα, Γαβριλίτσα, Αραβέλα, Μιχαήλ, Μισέλ, Μιχάλης, Μιχαλός, Μιχελής, Μιχαέλα, Μιχαήλα, Μιχαλίτσα, Σεραφείμ, Σεραφειμία, Σεραφείμα, Σεραφίνα, Σεραφειμή, Σεραφειμούλα, Σεραφειμίτσα, Ευστρατία, Μεταξία, Μεταξένια, Μεταξούλα, Ταξούλα, Ραφαέλα, Ραφαέλλα, Ραφαήλα, Ραφαηλία, Ραφαήλ, Ραφαήλος, Ραφαέλος, Σταμάτης, Σταμάτιος, Στάμος, Σταμούλης, Σταμέλος, Σταμέλης, Σταμελάς, Σταματία, Μάτα, Ματούλα, Ματίνα, Σταματίνα, Σταμάτα, Σταμέλα, Σταμούλα, Σταματή, Μάτω, Σταματέλλα, Στρατηγός, Στρατής, Στρατηγούλα, Ταξιάρχης, Ταξιαρχούλα",Σύναξις των Αρχαγγέλων και Αγγέλων
40ab9288-1f1d-40d1-8fc9-d464f0c9a4e2,27,Οκτώβριος,"Νέστορας, Νέστωρ, Νεστορία",Αγίου Νέστορος μάρτυρος
435cb2e9-36a5-40d7-a204-f2df0adb98cd,22,Νοέμβριος,"Βαλέρια, Βαλεριάνα, Βάλια, Βαλέριος, Βαλεριανός, Βάλιος, Σεσίλια, Κεκίλια, Κικίλια, Φιλήμων, Φιλήμονας, Φιλημονή, Φιλημόνα, Φλημόνα, Ιάκωβος, Ιακωβίνα, Ζακελίνα, Γιακουμής","Αγίων Βαλλεριανού Κικιλίας και Τιβουρτίου, Αγίου Φιλήμονος του Αποστόλου, Οσίου Ιακώβου Τσαλίκη"
43838184-38c9-4f2d-baa6-547e300a68e6,21,Απρίλιος,"Αλεξάνδρα, Αλεξία, Αλέξω, Αλέκα, Σάντρα, Σάσα, Ιανουάριος, Ιανός, Ιανή, Φαίστος, Φαιστή, Φαιστίνα","Αγίας Αλεξάνδρας βασιλίσσης, Αγίων Ιανουαρίου και Φαύστου"
4401a79a-049e-49db-b4af-a52dfc5e6b9b,4,Αύγουστος,"Μαξιμιλιανός, Ξακουστός, Εξακουστοδιανός, Εξακουστωδιανός, Εξακουστός, Ξακουστή",Αγίων Επτά Παίδων εν Εφέσω
44742c9f-4ae2-46db-942f-61c5ffbee387,20,Ιούνιος,"Μεθόδιος, Έκτορας","Αγίου Μεθοδίου Ιερομάρτυρος, Αγίου Μάρτυρος Έκτορος"
4573cfb0-a5da-44cc-a03f-8f6e54e85575,28,Ιούλιος,"Ακάκιος, Κάχι, Κάκι, Αυξέντιος, Αυξέντης, Αυξεντία, Αυξεντούλα, Δρόσος, Δροσίδα, Δροσούλα, Δροσία, Δρόσω, Δροσοσταλία, Δροσοσταλίδα, Δροσίς, Τίμων, Τίμος, Τιμόνα, Τιμόνη, Τίμα, Ειρήνη, Ρένα, Ρήνα, Ρηνιώ, Ρηνούλα, Ειρήνα, Ειρήνγκω, Ρένια, Χρυσοβαλάντω, Χρυσοβαλάντου, Χρυσοβαλαντία, Βαλάντα, Βαλάντω, Χρυσοβαλάντης, Βαλάντης, Βαλάντος, Χρυσοβαλάντος","Οσίας Ειρήνης Χρυσοβαλάντου, Αγίου Ακακίου μάρτυρος εν Μιλήτω, Αγίου Αυξεντίου μάρτυρος εν Φρυγία, Αγίας Δροσίδος, Αγίου Τίμωνος Αποστόλου"
45eb7db7-16ef-4309-84ca-4a6160afc0c9,13,Φεβρουάριος,"Πρίσκιλλα, Πρισίλλα, Μαρτινιανός","Αγίων Ακύλα και Πρίσκιλλας, Οσίου Μαρτινιανού"
4623384b-3e21-49cc-aa8a-b6d9f0098bac,9,Μάρτιος,"Αέτιος, Αέτης, Αετός, Αετίων, Αετίς, Αετίνα, Βιβιανός, Βιβιάνα, Βιβιανή, Βιβή, Βίβιαν, Ηλιανή, Ηλιάνα, Λιάνα, Ιλιάνα, Ηλιάννα, Ηλιανός, Ιλιάς, Λυσίμαχος, Λυσιμάχη, Ξάνθος, Ξάνθιος, Ξανθιάς, Ξανθούλιος, Ξανθούλης, Ξανθή, Ξανθούλα, Σεβηριανός, Σεβηριανή, Σμαράγδα, Σμαραγδένια, Σμαραγδή, Σμαράγδω, Σμαρούλα, Σμαρώ, Σμαραγδία, Σμαραγδούλα, Σμάρα, Σμάραγδος, Σμαράγδης, Σμαραγδένιος, Σμάρης, Φιλοκτήμων, Φιλοκτήμονας, Σαράντης, Σαράντος, Σαράντω, Σαραντούλα, Λωξάνδρα, Λωξάντρα, Ρωξάνη, Ρωξάνα, Ορθοδόξης, Δόξης, Δοξάκης, Ορθοδοξία, Δόξα, Ορθούλα, Άξιος, Άξια",Αγίων Τεσσαράκοντα Μαρτύρων εν Σεβαστία
475c4146-f284-47b0-8120-4913ec7a9d0d,25,Αύγουστος,"Βαρθολομαίος, Τίτος, Τίτης, Τίτα, Τίτη","Βαρθολομαίου Αποστόλου, Τίτου Αποστόλου"
47ed6f1a-6f63-4448-a6b7-7779045b600e,9,Ιούνιος,"Ροδάνθη, Ροζάνθη, Τριάδα, Τριάς, Κορίνος, Κόρη, Κορίνα","Αγίου Πνεύματος, Αγίου Ροδίωνος"
484721d0-e22d-4a75-92ec-b533a7cc467e,30,Δεκέμβριος,"Ανύσιος, Ανυσία, Γεδεών, Φιλέταιρος, Φιλεταίριος, Φιλεταίρης, Φιλεταίρη, Φιλεταιρία, Φιλεταίρα","Αγίων Ανυσίου επισκόπου και Οσιομάρτυρος Ανυσίας εν Θεσσαλονίκη, Αγίου Γεδεών Καρακαλλινού του νέου εν Τυρνάβω, Αγίου Φιλεταίρου μάρτυρος"
492aae0c-9ce9-41c0-bb4d-fb2367137dbb,25,Φεβρουάριος,"Ρηγίνη, Ρηγίνα, Ρήγας, Ταράσιος","Αγίου Ρηγίνου, Αγίου Ταρασίου"
4a9bd898-3284-4503-a6fc-f4e741830258,7,Ιούλιος,"Κυριακή, Κυριακίτσα, Κική, Κίκα, Κικίτσα, Κίτσα, Κορίνα, Ντομένικα, Σάντυ, Κούλα, Οδυσσέας","Αγίας Κυριακής Μεγαλομάρτυρος, Αγίου Οδυσσέα του Νεομάρτυρα"
4acc6254-c01c-459d-ab1e-2074885ca13e,30,Ιούνιος,"Απόστολος, Τόλης, Αποστόλης, Λάκης, Αποστολία, Λία, Αποστολίνα, Πολίνα, Λίνα, Μελίτων, Μελίτωνας, Μελίτος, Μελίτης, Γερβάσιος, Γερβασία","Σύναξις των Αγίων 12 Αποστόλων, Αγίου Μελίτωνος μάρτυρος, Αγίου Γερβασίου του εν Πάτραις"
4be15e0b-d9c1-418c-bc8b-c6bc1d5d6bf0,28,Οκτώβριος,"Νεφέλη, Βήλη, Βίλια, Ευνίκη, Ευνίκα","Εθνική εορτή, Αγίας Σκέπης, Αγίων Βήλης και Ευνίκης"
4c197c62-67d8-4f53-bb5f-8eb47bbfd475,3,Σεπτέμβριος,"Άνθιμος, Άνθιμη, Αριστέα, Αρίστη, Αριστίων, Αριστίωνας, Αριστέας, Αρχοντής, Αρχοντίων, Αρχοντίωνας, Αρχοντία, Αρχοντή, Αρχοντούλα, Αρχόντισσα, Αρχόντω, Πολύδωρος, Πολύδωρας, Πόλης, Πολυδώρης, Πόλη, Πολυδώρα, Πόλα, Πολυδώρη, Φοίβος, Φοίβη","Ιερομάρτυρος Ανθίμου επισκόπου, Ιερομάρτυρος Αριστίωνος επισκόπου, Αγίου Αρχοντίωνος μάρτυρος, Νεομάρτυρος Πολυδώρου Νέας Εφέσου, Οσίας Φοίβης μάρτυρος"
4d3a97be-7df6-47ff-bb83-c6c880727915,22,Φεβρουάριος,"Θαλάσσιος, Θάλασσα, Θαλασσινή",Οσίου Θαλασσίου
510001c8-2ebb-42b0-a53a-e8ba6b34eefa,18,Μάρτιος,"Εδουάρδος, Έντουαρντ, Έντυ",Αγίου Εδουάρδου Αγγλίας
51369a5b-ba48-4a5b-825e-8154da4a04f8,31,Ιανουάριος,"Κύρος, Κύρης, Ευδοξία, Ευδοξούλα, Δόξα, Δοξούλα","Αγίων Κύρου και Ιωάννου των Αναργύρων, Αγίας Αθανασίας και τριών θυγατέρων"
51409b8f-a8d0-43de-a29d-992f44ef0f1e,2,Οκτώβριος,"Κυπριανός, Κυπριανή, Ιουστίνη, Ιούστα, Γιούστα, Ιουστίνα, Γιουστίνα, Γιουστίνη",Αγίων Κυπριανού επισκόπου Καρθαγένης και Ιουστίνης της παρθένου
517ac1e7-58cb-45ed-8142-f3ae2a3c7fe7,18,Ιανουάριος,"Αθανάσιος, Θανάσης, Νάσος, Σάκης, Θάνος, Θανάσος, Σούλης, Αθανασία, Νάσια, Νάνσυ, Θανασούλα, Σούλα, Νάσα, Σούλη, Κύριλλος, Κυριλλία, Κυρίλλα, Κυρίλλη, Θεοδουλία, Θεοδούλα, Θεόδουλη, Θεοδούλη, Θεώνη, Θεόδουλος, Θεοδούλης","Αγίων Αθανασίου και Κυρίλλου, Αγίας Θεοδούλης"
51ac5dd0-60b7-481b-abff-a62db7d6cb1d,29,Δεκέμβριος,Βενιαμίν,Οσίου Βενιαμίν
51da7265-67ee-4361-94db-dc2eab9de7da,7,Νοέμβριος,"Αθηνόδωρος, Αθηνόδωρας, Αθηνοδωρής, Δώρης, Αθηνοδώρα, Ερνέστος, Ερνέστα, Ερνεστίνη, Ερνεστίνα, Θεαγένης, Θεαγένιος, Θεαγενεία, Θεαγενία, Θεμέλη, Θεμελίνα, Θεμέλιος, Θέμελης, Θέμος","Αγίου Αθηνοδώρου, Των τριαντατριών Μαρτύρων εν Μελιτινή"
52bbb660-1861-4be5-afa2-2861ffb7a40a,16,Απρίλιος,"Γαληνός, Γαλήνη, Νίκη, Καλλίς, Κάλλι, Καλίς, Κάλι, Καλλίδα, ΚαλλίαΚαλίδα, Καλία, Χιονία, Χιονούλα, Χιονίτσα, Χιονάτη","Αγίων Λεωνίδη Χαρίσσας Νίκης Γαλήνης Καλλίδας, Αγίας Χιόνας"
533ba2e3-8c8c-4485-815f-bda935dea349,13,Μάιος,"Γλυκερία, Σέργιος, Σεργία, Σεργιανή, Σεργιούλα","Αγίας Γλυκερίας μάρτυρος, Οσίου Σεργίου του ομολογητού"
5359b7c7-7108-4f5a-b23a-618191f20f21,23,Σεπτέμβριος,"Ξανθίππη, Ξανθή, Ξανθούλα, Ξάνθιππος, Πολυξένη, Ξένη, Ξένια, Ραΐς, Ραΐδα, Ίρις, Ίριδα","Οσίων Ξανθίππης και Πολυξένης, Αγίας Ραΐδος της παρθένου"
545278b5-c6da-41b9-8717-7a61c1904d34,4,Νοέμβριος,"Ερμαίος, Ερμαίας, Ιωαννίκιος, Ιωανίκιος","Ιερομάρτυρα Ερμείου του πρεσβυτέρου, Οσίου Ιωαννικίου του Μεγάλου, Οσίου Γεωργίου Καρσλίδη του Ομολογητή"
54a39217-9901-4e7f-8638-8d99f8def8f7,16,Ιούλιος,NULL,"Ιερομάρτυρος Αθηνογένους και των συν αυτώ, Μάρτυρος Φαύστου, Των εν Πισιδία 15.000 αγίων Μαρτύρων"
55612f85-fd78-4f2c-bf52-36658036a04d,18,Νοέμβριος,"Πλάτωνας, Πλάτων, Πλατωνία, Πλατώνα",Πλάτωνος του Μεγαλομάρτυρα
55a0ef32-8b8b-4f06-84a6-79f08290c023,2,Αύγουστος,Ιουστινιανός,"Ημέρα μνήμης για την γενοκτονία των Ρομά, Οσίου Ιουστινιανού Β΄ του βασιλέως"
55e9283f-a3f4-435d-a0a5-4ed8a9c2323c,9,Αύγουστος,NULL,"Αποστόλου Ματθίου, Μαρτύρων Αλεξίου, Δημητρίου, Ιακώβου, Ιουλιανού, Ιωάννου, Λεοντίου, Μαρκιανού, Πέτρου, Φωτίου, Μαρίας και Μάρθας, και Αντωνίου του Αλεξανδρέως"
564e1b3a-f25e-48b7-9844-ca786aacecdf,29,Νοέμβριος,"Φαίδρα, Φαιδρούλα, Φαιδρίνα, Φιλούμενος, Φίλος, Φιλουμένη, Φιλομίνα, Φιλομίλα, Φιλομίλη, Φίλη","Αγίου Φαίδρου μάρτυρος, Αγίου Φιλουμένου"
589336b2-4ac3-434b-a078-da3fee922baf,15,Δεκέμβριος,"Ελευθερία, Ρία, Λευθερία, Λευτερία, Ρίτσα, Ελευθέριος, Λευτέρης, Λεφτέρης, Ανθή, Ανθούλα, Άνθια, Άνθεια, Σύλβια, Σωσσάνα, Σωσάνα, Σωσάννα","Ελευθερίου ιερομάρτυρος και Ανθίας της μητρός, Οσιομάρτυρος Σωσάννης διακονίσσης εν Ελευθερουπόλει"
58b6e878-b41d-478e-b73a-481b6002e274,19,Αύγουστος,NULL,"Μεγαλομάρτυρος Ανδρέου του Στρατηλάτου, Οσίου Θεοφάνους πολιούχου Ναούσης του θαυματουργού, Μαρτύρων Τιμοθέου, Αγαπίου, Θέκλης, Ευτυχιανού, Στρατηγίου και Μύρωνος"
5930ef45-a6eb-4153-8073-7d29a950d2b9,8,Οκτώβριος,"Πελαγία, Πελαγούλα, Πελαγίνα, Πελαγίτσα, Πελαγιώ, Πελαγής, Πελάγιος",Οσίας Πελαγίας της από εταιρίδων
595e8760-99a6-4b7e-9941-c50f4dae3c55,12,Οκτώβριος,"Ανδρομάχη, Μάχη, Μαχούλα, Ανδρόμαχος, Μάχος, Συμεών, Συμεώνης, Σύμος, Συμεωνή, Συμεωνία, Συμεώνα, Σύμη, Βαλάντης, Βαλάντιος","Αγίου Συμεών του Νέου θεολόγου, Αγίου Βαλαντίου ασκητού εν Κύπρω"
5b254198-6a6b-42e2-a6f9-1d4a8aa1d3e3,16,Σεπτέμβριος,"Ευφημία, Εύφημη, Εύφη, Ευφημούλα, Ευφούλα, Φούλα, Εύφημος, Λουντμίλλα, Λουντμίλα, Μελιτινή, Μελιτίνη, Μελιτίνα, Μελίτη, Μελίτα, Μελίνα, Μελιτίνος, Μελίνα","Αγίας Ευφημίας, Αγίας Λουντμίλας, Αγίας Μελιτινής μάρτυρος"
5c51764f-6c9b-4728-87c3-9b7cb3e52a56,13,Δεκέμβριος,"Άρης, Ευστράτιος, Ευστράτης, Στρατής, Στράτος, Ευστρατάς, Στρατάς, Ευστρατία, Στρατούλα, Στράτα, Ευστρατούλα, Αυξέντιος, Αυξέντης, Αυξεντία, Αυξεντούλα, Ευγένιος, Ευγένης, Μαρδάριος, Μαρδάρης, Μάρδας, Ορέστης, Ορεστιάς, Ορεστία, Ορεστιάδα, Ιουβενάλιος, Ιουβενάλης, Γιουβενάλης, Ιουβεναλία, Λουκάς, Λουκία, Λουκίτσα","Αγίου Ευστρατίου, Αυξεντίου, Ευγενίου, Μαρδάριου και Ορέστη μαρτύρων, Οσίου Άρεως του σοφού, Αγίου Ιουβεναλίου, Αγίας Λουκίας της παρθένου"
5ccc0f78-5b8f-4c83-bbea-70c30dc3eccc,6,Μάιος,"Σεραφείμ, Σεραφειμία, Σεραφείμα, Σεραφίνα, Σεραφειμή, Σεραφειμούλα, Σεραφειμίτσα, Ιώβ, Ιωβία, Ιώβη","Οσίου Σεραφείμ ασκήσαντος εν τω όρει Δομβούς, Προφήτου Ιώβ"
5d0ac415-367c-4bf2-9ab1-02b560c85d66,6,Απρίλιος,"Ευτυχία, Ευτυχούλα, Ευτυχίτσα, Έφη, Ευτύχιος, Ευτύχης","Αγίου Ευτυχίου, Οσίας Μαρίας της Αιγυπτίας"
5d11fb73-2802-4db4-8970-6c6acaeb7ae9,5,Απρίλιος,"Αργυρώ, Αργυρή, Αργυρούλα, Ρούλα",Αγίας Αργυρής νεομάρτυρος
5dea3e22-44b4-471c-963b-3d382d53f8c5,6,Μάρτιος,"Ησύχιος, Ησύχης, Ησυχία",Οσίου Ησυχίου του θαυματουργού
5e4d44eb-8789-47fc-9350-34370522c8d5,26,Φεβρουάριος,"Ανατολή, Πορφύριος, Σεβαστιανός, Φωτεινή, Φώτιος","Αγίας Φωτεινής, Οσίου Πορφυρίου, Αγίου Σεβαστιανού"
5e69b0b3-1660-4c45-b02f-cf9b3ccb52cf,8,Απρίλιος,NULL,"Των Αποστόλων Αγάβου Ασυγκρίτου Ερμού Ηρωδίωνος Ρούφου και Φλέγοντος, Κελεστίνου Πάπα Ρώμης, Μάρτυρος Παυσιλύπου"
5ea161c3-2fea-413f-b2ad-2ac333bbf043,6,Φεβρουάριος,"Φώτιος, Φώτης, Φωτεινός, Φώτις, Φωτεινή, Φανή, Φένια, Φώτω, Φώφη, Φωτούλα, Φαίη, Φωφώ",Αγίου Φωτίου του Μεγάλου
5f75dd18-9141-4b66-8f56-a0e650407e3f,19,Ιούνιος,"Παΐσιος, Παΐσης, Παϊσία, Ιούδας, Ζώσιμος, Ζώσης, Ζήσιμος, Ζήσης, Ζωσιμαίος, Ζώσα, Ζωσιμαία","Οσίου Παϊσίου του Μεγάλου, Αγίου Ιούδα του Θαδδαίου, Αγίου Ζωσίμου μάρτυρος"
5fb5328e-d9ce-41d9-9cc9-7c18ff6fb156,22,Αύγουστος,"Αγαθόνικος, Θεοπρέπιος, Θεοπρεπής, Θεοπρεπία, Θεοπρεπή",Μαρτύρων Αγαθονίκου και Θεοπρεπίου
6012d601-03d3-4159-9226-9dd7bcf30e54,14,Φεβρουάριος,"Βαλεντίνη, Βαλεντίνα, Ντίνα, Βαλεντίνος, Ντίνος",
60b33a72-f891-4476-900b-7f7ccf3d7c95,23,Μάρτιος,NULL,"Ιερομάρτυρος Νίκωνος και των συν αυτώ, Μάρτυρος Δομετίου"
62fe584d-4b88-4a1f-bead-7b719107c74f,10,Μάρτιος,NULL,"Κοδράτου του εν Κορίνθω και των συν αυτώ, Νεομάρτυρος Μιχαήλ Μαυροειδή του εν Αδριανουπόλει, Οσίας Αναστασίας της πατρικίας"
6340e332-ae81-4ee2-a76a-563eb5befd59,30,Σεπτέμβριος,"Στρατόνικος, Στράτος, Στρατής, Στρατονίκης, Στρατονίκιος",Αγίου Στρατονίκου μάρτυρος
63e84b11-4472-46c1-aee9-6367bda94aba,4,Ιούνιος,Μάρθα,Αγίων Μάρθας και Μαρίας αδελφών του Λαζάρου
64a57625-b861-4ca0-b00d-185dc5c4d9fb,7,Δεκέμβριος,"Αμβρόσιος, Αμβρόσης, Αμβροσία",Οσίου Αμβροσίου επισκόπου Μεδιολάνων
6571e35b-195f-4bad-b9af-c6e96bbf1782,20,Αύγουστος,"Ηλιόδωρος, Ηλιοδώρα, Ελεοδώρα, Έλντα, Θεοχάρης, Θεοχαρούλα, Χαρούλα, Σαμουήλ, Σαμουήλος, Σαμουήλης, Σαμουέλος, Σαμουηλία, Σαμουήλα, Σαμουέλα, Σαμάνθα, Ορέστης, Ορεστιάς, Ορεστία, Ορεστιάδα","Οσίων τριαντα επτά μαρτύρων εν Βιζύη, Οσίου Θεοχάρους Νεαπολίτου, Προφήτου Σαμουήλ, Άγιοι Ρηγίνου και Ορέστη των εν Κύπρω"
66c4217f-fa6e-42b7-9a2f-45d58b922c7a,28,Ιούνιος,"Ανάργυρος, Ανάργυρη, Αναργυρούλα, Γερμανός","Εύρεση Τιμίων Λειψάνων Αγίων Αναργύρων Κύρου και Ιωάννου, Οσίου Γερμανού του Ρώσου"
67a1301b-3db8-40d2-936e-5be52494c528,8,Σεπτέμβριος,"Δέσποινα, Δέσπω, Ντέπη, Πέπη, Ζέπω, Γενέθλιος, Σκιαδενή, Τσαμπίκα, Μίκα, Τσαμπίκος",Γέννηση της Θεοτόκου
67f0de53-12f9-486a-ad2d-24a4ac50d4fe,23,Αύγουστος,NULL,"Απόδοσις της εορτής της Κοιμήσεως της Θεοτόκου Παναγίας Προυσσιώτισσας, Ιερομαρτύρων Ειρηναίου επισκόπου Σιρμίου και Ειρηναίου επισκόπου Λυώνος, Σύναξη της Παναγίας της Μαλαματένιας στην Τήνο"
696791c7-ae3c-4de6-ae35-0a029751e30f,21,Μάιος,"Κωνσταντίνος, Κώστας, Κωστής, Κωνσταντίνος, Κωνσταντίνα, Κωνσταντία, Κωσταντίνα, Κωστούλα, Ντίνα, Νάντια, Ελένη, Έλενα, Ελεάννα, Ελεάνα, Ελίνα, Λένα, Λενίτσα, Λένγκω, Λενιώ, Ελεονόρα, Ελεονώρα, Νόρα, Μαριλένα, Ελενάκι, Νίτσα, Νέλη",Κωνσταντίνου και Ελένης
6bec06ef-9d9e-4dbd-9f0d-eb23df29b703,19,Μάιος,"Πατρίκιος, Πάτρικ, Πατρίκος, Πατρίκης, Πατρίτσιος, Πατρίτσης, Πατρικία, Πατρίκα, Πατριτσία, Πατρίτσα, Θεόγνωστος, Θεογνώστης, Θεογνώσιος, Θεογνωσία, Θεόκτιστος, Μένανδρος","Αγίου Πατρικίου Ιερομάρτυρος, Αγίων Θεογνώστου και Θεοκτίστου οσιομαρτύρων, Αγίου Μενάνδρου"
6c8494f3-9a47-4088-aaa3-b16c771c99f5,16,Νοέμβριος,"Ιφιγένεια, Ματθαίος, Μαθιός, Μαθαίος, Ματθούλα, Ματθίλδη, Θίλδα, Τίτα, Μαθούλα","Παρθενομάρτυρος Ιφιγενείας, Ματθαίου Αποστόλου και Ευαγγελιστή"
6da4ff40-4269-425d-9a1e-6eb807cff64a,14,Ιούλιος,"Νικόδημος, Ακύλας","Οσίου Νικοδήμου Αγιορείτου, Αγίου Ακύλα Αποστόλου"
6e1f4a3b-b96b-4a8d-b4cc-07bf7690cc9f,3,Ιούνιος,"Ιερία, Ιέρεια, Υπατία, Υπατή, Υπατούλα, Πατούλα","Οσίας Ιερίας, Αγίου Υπατίου μάρτυρος"
6f64403f-64ae-47d1-bbad-9730ca5ee451,27,Νοέμβριος,NULL,"Μεγαλομάρτυρος Ιακώβου του Πέρσου, Οσίων Μωυσέως Ναθαναήλ Πινουφρίου και Ιακώβου του Ρώσου"
6f9001b6-b23e-4ab8-9df3-3acfb66ebcfd,5,Αύγουστος,"Νόννα, Νόνα",Αγίας Νόννας μητρός Γρηγορίου Θεολόγου
701f3219-aa78-4dfd-8783-3bba5f819930,10,Φεβρουάριος,"Χαράλαμπος, Χαρίλαος, Χαραλάμπης, Χάρης, Χάμπος, Λάμπης, Λάμπος, Μπάμπης, Χαραλαμπία, Χαρίκλεια, Χαρά, Χαρούλα",Χαραλάμπους Ιερομάρτυρος
702a2f42-3aa6-4b6f-adca-d621db5d98ae,2,Μάιος,"Αθανάσιος, Θανάσης, Νάσος, Σάκης, Θάνος, Θανάσος, Σούλης, Αθανασία, Νάσια, Νάνσυ, Θανασούλα, Σούλα, Νάσα, Σούλη, Έσπερος, Εσπέρα, Εσπερία, Αυγερινός, Αυγέρης, Αυγίτης, Αυγέρας, Αυγέρου, Αυγερού, Ματρώνα, Ματρόνα","Ανακομιδή Ιερών Λειψάνων του Αγίου Αθανασίου, Αγίου Έσπερου μάρτυρος, Οσίας Ματρώνης εκ Ρωσίας"
7117ddc7-a60d-4271-b142-6597d00588ef,13,Ιούνιος,"Τριφύλλιος, Τριφύλιος",Αγίου Τριφυλλίου
7157aba6-c51f-48c1-8583-fb905ecc2709,26,Ιούνιος,"Μακάριος, Μακάρης, Μακαράς, Μακαρία, Μακάρω, Μακαρίτσα, Μακαρούλα",Αγίου Μακαρίου μάρτυρος
71b36efd-653e-4abf-a44e-99ea71c5e715,25,Μάρτιος,"Ευάγγελος, Βαγγέλης, Βάγγος, Αγγελής, Ευαγγελία, Βαγγελιώ, Βαγγελίτσα, Λίτσα, Εύα, Κέλλυ, Λιλή, Αγγελική, Άντζελα, Άντζυ, Αγγέλα, Αγγελίνα, Άγγελος, Αγγελής","Ευαγγελισμός της Θεοτόκου, Εθνική εορτή"
72dda2b6-7b1c-4552-a560-3c0b0796cafd,29,Απρίλιος,"Ιάσων, Ιάσονας, Ιάσωνας, Σωσίπατρος, Σώπατρος, Σωπάτρα, Σωπατρία, Πάτρα, Πατρούλα, Πατρίτσα, Κέρκυρα, Κερκύρα","Αγίων Ιάσωνος και Σωσίπατρου των Αποστόλων, Αγίας Κερκύρης"
73499d97-e7d0-46a0-b613-fdcddb0423a1,28,Δεκέμβριος,"Δόμνα, Θεόφιλος, Θεοφίλη, θεοφιλία, Θεοφιλίτσα, Φιλιώ, Φιλίτσα, Φίλια, Μυγδόνιος, Μυγδόνης, Μυγδονία, Μιγδονία","Αγίας Δόμνης μάρτυρος, Αγίων Θεοφίλου διακόνου και Μυγδονίου"
73563692-2b95-4178-8898-b2cf8f3d997c,25,Ιούνιος,"Λίβιος, Λίβας, Λιβύη, Έρως, Έρωτας, Φεβρωνία, Φευρωνία, Φεύρω, Φέβρω, Φέβρα, Φεύρα, Φεβρούλα, Φευρούλα, Φευρωνίτσα, Φεβρωνίτσα","Οσίας Λιβύης, Αγίου Έρωτος, Οσίας Ευφροσύνης Φεβρωνίας δουκίσης των Ρώσων"
73ecbaaa-47c7-4822-b7f0-e27999c756bf,19,Δεκέμβριος,"Αγλαΐα, Άρης","Οσίας Αγλαΐας της Ρωμαίας, Αγίου Άρεως μάρτυρος"
74e58422-ada6-4719-a5ab-e35fa4e0a947,17,Αύγουστος,"Λευκοθέα, Λευκοθέη, Μύρων, Μύρωνας, Μύρα, Μίρκα, Στράτος, Στράτων, Στράτης, Στράτα, Στρατία, Στρατίνα, Στρατούλα","Αγίου Λεύκιου, Αγίου Μύρωνος μάρτυρος, Αγίου Στράτωνος"
77955c37-8293-42b9-ae71-5cc1ca787dac,17,Φεβρουάριος,"Θεόδωρος, Θοδωρής, Θόδωρος, Θεοδώρα, Δώρα, Πουλχερία","Θεοδώρου Τήρωνος, Αγίων Μαρκιανού και Πουλχερίας"
77fd8257-6052-4ada-acce-8ed6caa75df6,25,Νοέμβριος,"Αικατερίνη, Κατερίνα, Κατίνα, Κάτια, Καλοτίνα, Καίτη, Ρίνα, Μερκούριος, Μερκούρης, Μέρκουρας, Μάρκορας, Μερκουρία","Αικατερίνης Μεγαλομάρτυρος, Αγίου Μερκουρίου Μεγαλομάρτυρος"
784a44b5-b034-4e9b-9892-82333db20eea,13,Ιούλιος,"Σάρα, Σάρρα, Ηλιόφωτος","Οσίας Σάρρας, Οσίων Ηλιοφώτων"
78c40641-823e-4492-8c8f-cf385ace30c6,21,Σεπτέμβριος,"Ίωνας, Ιωνάς, Ίων, Ιωνία",Προφήτου Ιωνά
792d94c8-d9ba-45c0-8de2-069dce808426,8,Ιούλιος,"Θεόφιλος, Θεοφίλη, Θεοφιλία, Θεοφιλίτσα, Φιλιώ, Φιλίτσα, Φίλια, Προκόπιος, Προκόπης, Προκοπία","Οσίου Θεοφίλου μυροβλύτου, Αγίου Προκοπίου Μεγαλομάρτυρος"
79f0ed59-fbb1-4b4f-b976-d0c1606212cc,9,Δεκέμβριος,"Άννα, Αννίτα, Αννέτα, Ανναμπέλλα, Ανναμαρία, Ανέζα, Άννη",Σύλληψις της Αγίας Άννης
7a2a8cb5-9fc3-4821-8a92-9aa5a83a75db,8,Μάιος,"Αρσένιος, Αρσένης, Αρσενία, Αρσίνα, Αρσινόη, Θεολόγος, Θεολόγης, Θολόγος, Θολόγης, Θολόης, Θεολογία, Θολογία, Μήλιος, Μήλης, Μηλιώ, Μηλιά, Μηλίτσα, Κασσιόπη","Οσίου Αρσενίου του Μεγάλου, Αποστόλου Ιωάννου του Θεολόγου, Οσίου Μήλιου του υμνωδού, Σύναξη της Παναγίας της Κασσωπίτρας"
7b07ab9f-5403-4954-9aa2-5d7382039702,23,Απρίλιος,"Θεοχάρης, Θεοχαρούλα, Χαρούλα","Αγίων Θεοχάρους και Αποστόλου των αυτάδελφων, Γεωργίου Μεγαλομάρτυρος, Μαρτύρων Ανατολίου και Πρωτολέοντος του στρατηλάτου, Μαρτύρων Δονάτου και Θερινού"
7b274b64-dc78-4bd8-802f-709156f12efe,30,Νοέμβριος,"Ανδρέας, Αντρέας, Ανδρίκος, Αντρίκος, Ανδριάνα, Ανδρούλα, Ανδριανή, Άντρια",Αποστόλου Ανδρέου
7b6c65f8-6894-4f56-ae9f-a1984a121d0d,16,Μάρτιος,"Χριστόδουλος, Χριστοδούλη, Ιουλιανός, Γιουλιανός, Γιολανός, Γρηγόρης, Γρηγόριος, Γόλης, Γρηγορία","Γρηγορίου του Παλαμά, Οσίου Χριστοδούλου θαυματουργού εν Πάτμω, Αγίου Ιουλιανού, Σύναξη της Παναγίας Ρόδον Αμάραντον"
7c4b2dda-32d1-4dbf-8f9a-c25ac18af9f5,24,Σεπτέμβριος,"Θέκλα, Κόπρος, Κόπρις, Μυρσίνη, Μυρτώ, Μυρτιά, Μυρτιδιώτισσα, Μύρτα, Μυρσώ, Αμέρισσα, Μέρσα, Αμερισούδα, Αμερσούδα, Αμέρσσα, Αμέρσα, Πέρσης, Περσεφόνη, Πέρσα, Πέρση","Πρωτομάρτυρος Θέκλης, Οσίου Κόπριος, Ανάμνηση θαύματος της Θεοτόκου της Μυρτιδιώτισσας, Αγίας Πέρσης"
7cc54d4e-5f16-43cc-8f45-8e820b5ba958,9,Μάιος,"Χριστόφορος, Χριστοφόρης, Φόρης, Χριστόφης, Χριστοφία, Χριστοφίνα, Ησαΐας","Αγίου Χριστοφόρου μάρτυρος, Προφήτου Ησαΐα, Άγιος Νικόλαος ο νέος ο εν Βουνένοις"
7df9ea2f-5114-4f1a-9553-be160dffc616,17,Απρίλιος,NULL,"Ιερομάρτυρος Συμεώνος επισκόπου εν Περσία, Αγαπητού πάπα Ρώμης, Μάρτυρος Αδριανού"
7f45cdaa-bc16-46d1-a05c-8119ac0a607a,3,Μάιος,"Μαύρος, Μαύρα, Μαυρούλα, Μαυρίτσα, Ροδόπη, Ροδώπη","Αγίας Μαύρας μάρτυρος, Αγίου Ροδοπιανού"
7fb53ecb-d047-442a-89bc-ce002f030a39,9,Φεβρουάριος,"Μάρκελος, Παγκράτιος, Παγκρατία, Νικηφόρος, Νικηφορία, Νικηφόρα","Τελώνου και Φαρισαίου – Αρχή Τριωδίου, Αγίων Μαρκέλλου και Παγκράτιου, Οσίου Νικηφόρου"
7ffc3b55-4671-4717-a93f-e782afdb7dc0,8,Ιούνιος,"Καλλιόπη, Καλλιοπία, Πόπη, Κάλια, Πίτσα, Ναυκράτιος, Ναυκράτης","Αγίας Καλλιόπης μάρτυρος, Αγίου Ναυκρατίου"
80229805-628e-4b72-95aa-249b86a277bd,9,Σεπτέμβριος,"Ιωακείμ, Ιωακειμάκης, Μάκης, Κιαράν, Κιάρα",Σύναξις Αγίων Ιωακείμ και Άννης
803f2f22-2cd2-422e-a027-c1207c480804,8,Ιανουάριος,"Ευστάθιος, Στάθης, Στάθη","Οσίου Αγάθωνος, Αγίου Ιουλιανού και μαρτύρων Βασίλισσας Κελσίου Αναστασίου και Αντωνίου, Οσίας Δομνίκης, Αγίας Παρθένας, Αγίου Γεωργίου Χοζεβίτη"
8041ddef-8d9b-4c70-8a86-e2233542b2b5,6,Οκτώβριος,"Θωμάς, Τομ, Θωμαή, Ερωτηίς, Ερωτηίδα","Αγίου Θωμά του Αποστόλου, Μάρτυρος Ερωτηίδος της παρθένου"
8165b478-91fa-4665-be08-57a8b8b6ede9,24,Οκτώβριος,"Σεβαστιανή, Σεβαστίνα, Σεβαστιάνα, Σεβαστή, Σέβη, Σεβούλα, Σεβαστούλα",Αγίας Σεβαστιανής
819d66ec-dea2-48e4-bcc7-eb6938aa7bb6,18,Φεβρουάριος,"Αγαπητός, Λέων, Λέοντας","Οσίου Αγαπητού, Αγίου Λέοντος"
81a55f91-1da5-4ff4-aadf-2169f7592942,3,Φεβρουάριος,"Σταμάτης, Σταμάτιος, Στάμος, Σταμούλης, Σταμέλος, Σταμέλης, Σταμελάς, Σταματία, Μάτα, Ματούλα, Ματίνα, Σταματίνα, Σταμάτα, Σταμέλα, Σταμούλα, Σταματή, Μάτω, Σταματέλλα, Συμεών, Συμεώνης, Σύμος, Συμεωνή, Συμεωνία, Συμεώνα, Σύμη","Αγίων Σταματίου και Ιωάννου, Αγίου Συμεών εκ Ρωσίας"
821e8bbf-6606-4613-8a99-376c7d7cda03,12,Φεβρουάριος,"Μελέτιος, Μελέτης, Μελετία, Μελετούλα, Μελετίνα, Πλωτίνος, Πλωτός, Πλωτίνη","Αγίου Μελετίου Αρχιεπισκόπου Αντιοχείας, Αγίου Πλωτίνου μάρτυρος"
8276e0a0-5d25-4823-adc2-2ac6ed5704d4,8,Αύγουστος,"Μύρων, Μύρωνας, Μύρα, Μίρκα, Τριαντάφυλλος, Τριανταφύλλης, Φύλλης, Φύλλιος, Τριανταφυλλένιος, Τριανταφυλλιά, Φύλλη, Φύλλια, Φυλλιώ, Φυλλίτσα, Τριανταφυλλένια, Ρόζα","Αγίου Μύρωνος επισκόπου Κρήτης, Νεομάρτυρος Τριαντάφυλλου από Ζαγοράς"
827c00f5-c1f2-4538-b896-97ab3d85e718,4,Ιανουάριος,NULL,"Σύναξις των Εβδομήκοντα Αποστόλων, Αγίων Έξι Μαρτύρων"
82b7b828-e737-4029-86a4-0360741f1e1c,3,Δεκέμβριος,"Γλυκέριος, Γλυκερός",Αγίου Γλυκερίου μάρτυρος
82c78c0e-3573-4683-96f0-ab3f961a3978,15,Φεβρουάριος,"Ευσεβεία, Σέβη, Ευσέβιος, Ευσεβής",Οσίου Ευσεβίου
831f2ad7-906c-4681-bb2b-be93a8d95b13,4,Μάιος,"Πελαγία, Πελαγούλα, Πελαγίνα, Πελαγίτσα, Πελαγιώ, Πελαγής, Πελάγιος, Ιλάριος, Μελής, Μέλος, Μέλιος, Μέλας, Μέλια, Μελίτσα, Μυροφόρα","Των Μυροφόρων, Αγίας Πελαγίας μάρτυρος, Ιλάριος ο θαυματουργός, Μελδά μάρτυρος"
840d720d-2a71-4c62-8576-b626f348b498,14,Μάρτιος,"Βενέδικτος, Βενεδίκτη, Βενεδικτίνη, Βενεδικτίνα, Ευφράσιος, Ευφράσης, Ευφράσας, Φράσας, Φράσιος, Φράσης, Ματθίλντη, Ματίλντα, Ματθίλδη, Μαθίλδη, Θίλδη, Θίλδα, Τίτα","Οσίου Βενέδικτου, Αγίων Βασιλείου και Ευφρασίου των Μαρτύρων"
845aa824-96db-41bd-820c-eb378db330fd,12,Ιούλιος,"Βερονίκη, Βερόνικα, Βέρα, Βερενίκη, Παΐσιος, Παΐσης, Παϊσία, Ιλάριος","Αγίας Βερονίκης αιμορροούσης, Οσίου Παϊσίου του Αγιορείτου, Άγιοι Πρόκλος και Ιλάριος"
85cb3522-d6d4-45c0-98df-5c09f930bf93,18,Σεπτέμβριος,"Αριάδνη, Αριάνα, Ευμένιος, Ευμένης, Ευμενία, Κάστωρ, Κάστορας, Κάστορης, Ρωμύλος, Ρωμύλιος, Ρωμύλης, Ρωμύλα, Ρωμυλία, Ρωμύλη, Ρωμυλαία","Αγίας Αριάδνης μάρτυρος, Οσίου Ευμενίου αρχιεπισκόπου Γορτύνης, Αγίου Κάστορος μάρτυρος, Οσίου Ρωμύλου"
85dd43f2-bc42-453e-9bfd-26e11cf5f628,9,Ιανουάριος,NULL,"Ιερομάρτυρος Θεοκτίστου του ομολογητού, Μαρτύρων Πολυεύκτου και Λαυρεντίου, Νεομάρτυρος Κυράννης εκ Βυσώκας Θεσσαλονίκης"
8607af92-9a0e-4c8a-95cc-c7383c9a2ac4,25,Απρίλιος,"Νίκη, Ζωή, Ζησούλα, Ζωΐτσα, Ζωζώ, Ζώης, Ζήσης, Ζήσιμος, Πηγή, Κρήνη, Κρηνιώ, Μάρκος, Μαρκούλης, Μαρκία, Μαρκούλα","Αγίας Νίκης της μάρτυρος, Αγίου Μάρκου του Αποστόλου"
8708301d-7a32-41e5-aaa5-f0b171822392,6,Δεκέμβριος,"Νικόλαος, Νικόλας, Νίκος, Νικολός, Νικολής, Νικολάκης, Νικολέττα, Νικολούδα, Νικολίτσα, Νικολίνα, Νικολέτα, Νικόλ, Μυριαλλής",Αγίου Νικολάου
880bed35-5131-4de6-ac7c-8392bc65e076,20,Ιανουάριος,"Ευθύμιος, Ευθύμης, Θύμιος, Θέμης, Ευθυμία, Ευθυμούλα, Θύρσος, Θύρσης, Θύρσα, Θύρση, Φαβιανός","Ευθυμίου του Μεγάλου, Αγίων Θύρσου και Αγνής των Μάρτυρων, Αγίου Φαβιανού"
881e6ef9-ac57-4234-b5b4-adf427773f55,4,Ιούλιος,NULL,"Ιερομαρτύρων Δονάτου Θεοφίλου Θεοδότου και Θεοδώρου, Μαρτύρων Κυπρίλλης και Αρόας, Λουκίας και Απολλωνίου"
8833bc0b-0844-41e9-a436-85663b8b2707,27,Απρίλιος,NULL,Ιερομάρτυρος Συμεών επισκόπου Ιεροσολύμων
88f178ee-e62d-4313-817a-792a850cb7e3,3,Οκτώβριος,"Διονύσιος, Διονύσης, Νιόνιος, Νύσης, Ντένης, Διονυσία, Διονυσούλα, Νύσα, Σίσσυ, Ντενίζ, Ντενίς",Αγίου Διονυσίου του Αρεοπαγίτου
8976b1c7-489a-4871-b3fd-5b360ef71566,11,Μάρτιος,"Θαλής, Θαλλός, Θαλλής, Θάλλεια, Θάλεια, Θάλλω, Θεοδώρα, Θοδώρα, Δώρα, Δωρούλα, Ντόρα, Σαβίνα, Ζαμπίνα, Ζαμπία, Σωφρόνιος, Σωφρόνης, Σωφρονία, Σωφρόνη","Αγίων Τροφίμου και Θαλλού, Οσίας Θεοδώρας βασιλίσσης Άρτης, Αγίων Πιονίου και Σαβίνας, Αγίου Σωφρονίου"
8999e9b3-18da-4755-a871-7085a7737e2e,7,Μάιος,NULL,"Του εν ουρανώ φανέντος σημείου του Τιμίου Σταυρού επί Κωνσταντίου, Μαρτύρων Ιουβεναλίου Ακακίου και Κοδράτου"
899f1153-50c1-4004-a6a4-59f93074139f,11,Ιούνιος,"Βαρθολομαίος, Βαρνάβας, Λουκάς, Λουκία, Λουκίτσα, Ζαφειρία, Ζαφείρω, Ζαφείριος, Ζαφείρης","Βαρθολομαίου και Βαρνάβα των Αποστόλων, Αγίου Λουκά Αρχιεπισκόπου Συμφερουπόλεως και Κριμαίας, Αγίου Ζαφειρίου του Νεομάρτυρα"
8ba0ecba-06fa-47d5-aa97-7b56e19ca2bd,3,Νοέμβριος,"Ακεψιμά, Ιωσήφ, Αειθαλά",Ιερομάρτυρος Γεωργίου Νεαπολίτου του νέου
8be28c35-7743-4075-ae99-6da5d8d1000d,21,Νοέμβριος,"Μαρία, Μαργέτα, Μαριέττα, Μαργετίνα, Μάρω, Μαριωρή, Μαρίκα, Μαριγώ, Μαριγούλα, Μαρούλα, Μαρίτσα, Μανιώ, Μαίρη, Μαρινίκη, Μυρέλλα, Μάνια, Μάρα, Μάριος, Δέσποινα, Δέσπω, Ντέπη, Πέπη, Ζέπω, Εισοδία, Βιργινία, Λεμονιά, Πανωραία, Σουλτάνα, Σούζυ, Σούζη, Τάνια, Σουλτάνης",Εισόδια της Θεοτόκου
8c0bf9b9-f0ac-4c4c-85ed-55fc90fd0209,20,Οκτώβριος,"Αρτέμιος, Αρτέμης, Άρτεμις, Αρτέμη, Αρτέμιδα, Αρτεμία, Αρτεμισία, Γεράσιμος, Μάκης, Μικές, Μίκης, Γερασιμούλα, Διάνα, Ντιάνα, Ενόη, Ματρώνα, Ματρόνα, Κερασιά, Κερασία","Μεγαλομάρτυρος Αρτεμίου, Οσίου Γερασίμου ασκητού εν Κεφαλληνία, Αγίας Ενόης, Οσίας Ματρώνης της Χιοπολίτιδος"
8ce73922-afd4-4c10-b921-86f2559c5125,14,Οκτώβριος,"Γερβάσιος, Γερβασία, Ναζάριος, Ιγνάτιος, Ιγνάτης, Ιγνατία","Μεγαλομαρτύρων Γερβασίου και Ναζαρίου, Οσίου Ιγνατίου επισκόπου Μηθύμνης"
8cfc555a-fe84-43b8-b0f2-61b8637a05f9,16,Φεβρουάριος,"Πάμφιλος, Παμφίλη, Παμφύλη, Σέλευκος, Χλόη","Του Ασώτου, Αγίου Πάμφιλου"
8d74e4b5-8e85-4a9b-a0e0-e8e06740563f,12,Αύγουστος,NULL,Μαρτύρων Φωτίου και Ανικήτου
8d9c0e7d-1935-486c-baa3-8f55670d1345,3,Αύγουστος,"Ολύμπιος, Σαλώμη, Σαλώμα","Αγίου Ολυμπίου μάρτυρος του επάρχου, Αγίας Σαλώμης Μυροφόρου"
8eab6a7b-4b31-4ff2-8a4a-0755d2128b02,29,Μάιος,"Θεοδοσία, Θεοδόσω, Ολιβιανός, Ολβιανός, Ολιβία, Ολίβια, Υπομονή, Νεφέλη","Αγίας Θεοδοσίας παρθενομάρτυρος, Αγίου Ολβιανού επισκόπου πόλεως Ανέου, Οσίας Υπομονής"
8fa2ba0b-5b66-413b-9b81-e35f7a2c669e,13,Μάρτιος,"Λέανδρος, Μάριος","Αγίου Λεάνδρου Ισπανού, Αγίου Μάριου"
921fdab3-d856-49f2-ba35-8df8ae7c7d0d,1,Μάρτιος,"Ευδοκία, Ευδοκούλα, Ευδοκίτσα, Ευδοκή, Εύη, Παράσχος, Πάρης, Πάρις, Χαρίσιος, Χάρισος, Χαρίσης, Χαρίσα","Αγίας Ευδοκίας Οσιομάρτυρος, Αγίου Παρασκευά Νεομάρτυρος, Αγίου Χαρισίου του Μάρτυρος"
9246f804-e95e-4de2-9989-0cf8de781cf6,25,Ιούλιος,"Άννα, Αννίτα, Αννέτα, Ανναμπέλλα, Ανναμαρία, Ανέζα, Άννη, ΆνναΜαρία, Άννα-Μαρία, Ευπράξιος, Εύπραξος, Ευπραξία, Ευπραξούλα, Πραξούλα, Έφη, Ολυμπία, Ολυμπιάδα, Ολύμπω, Ολύμπη, Όλια, Ολυμπούλα, Ολυμπιάς","Κοίμησις της Αγίας Άννης, Οσίας Ευπραξίας, Οσίας Ολυμπιάδος της διακόνου"
93cc5d57-f8d8-4191-b33f-28c69cf72fb9,26,Ιούλιος,"Ερμόλαος, Ερμολία, Λία, Παρασκευή, Εύη, Εβίτα, Βούλα, Βιβή, Βέτη, Βέττη, Παρασκευούλα, Πάρις, Βίβιαν, Παρασκευάς, Πάρης, Πάρις, Έρση, Ωραιοζήλη, Ωραιοζηλία, Ζήλια, Ζήλη, Ζέλια","Παρασκευής Οσιομάρτυρος, Αγίου Ερμολάου Ιερομάρτυρος, Αγίας Ωραιοζήλης Μάρτυρος"
944ffe28-631e-4eb9-a1ef-8e0273faa017,5,Φεβρουάριος,"Αγαθή, Αγαθώ, Αγαθούλα, Αγαθία, Αγαθίτσα",Αγίας Αγάθης της μάρτυρος
94ee4a19-9ed7-42ee-91a5-345d21d7d065,2,Σεπτέμβριος,"Μάμας, Μάμαντας, Μάμα",Αγίου Μάμαντος μάρτυρος
95f162a8-5971-4ddb-8b7b-2ed1f343b952,22,Οκτώβριος,"Αβέρκιος, Αβερκία",Οσίου Αβερκίου επισκόπου Ιεραπόλεως
9715d6a5-5acb-42ce-9d7c-ffb4ac5cd176,24,Μάιος,"Παλλαδία, Παλαδία, Παλλάδα, Παλάδα, Μαρκιανή, Μαρκιάνα, Φωτεινή, Φώτω, Φώφη, Φωτούλα, Φαίη, Φωφώ, Χριστιανός, Χριστιανή","Ευρωπαϊκή Ημέρα Πάρκων, Αγίου Μελετίου και συν αυτώ Μαρτύρων"
974eba1d-43ea-4f67-be0b-d907437b3b9d,17,Οκτώβριος,"Αντίγονος, Ευπρέπιος, Ευπρέπειος, Ευπρεπής, Ευπρεπία","Αγίου Αντιγόνου, Αγίου Ευπρεπίου μάρτυρος"
9830b80e-a49c-478a-9974-4858c0ba4972,21,Ιούνιος,"Αφροδίσιος, Αφροδισία",Αγίου Αφροδισίου
98b3865f-bf97-4b53-99c3-8daf665edc41,25,Δεκέμβριος,"Βηθλεέμ, Γκασπάρ, Γκάσπαρος, Γάσπαρης, Εμμανουήλ, Μανώλης, Μανόλης, Μανουήλ, Μάνος, Μανούσος, Μανουσάκης, Μανουσάκι, Εμμανουέλλα, Εμμανουέλα, Έμμυλι, Μανουέλα, Μανωλία, Μελχιώρ, Μελχιόρ, Μπαλταζάρ, Μπαλτασάρ, Χρήστος, Χρίστος, Χριστίνα, Χριστιάνα, Κριστιάνα, Χρίστα, Κρίστα, Χρίστη, Κρίστη, Χρυσή, Χρύσα, Χρυσαλία, Χρυσαυγή, Χρυσούλα, Σήλια, Χρυστάλλα, Χρυσταλλία",Χριστούγεννα
9a137bb6-b455-40af-9890-b9e10b59fce7,18,Μάιος,"Ιουλία, Ιουλιανή, Ιουλίτσα, Γιουλία, Γιούλα, Γιουλίτσα, Τζούλια, Γιούλη, Ιούλιος, Γαλάτεια, Γαλατία, Φαεινός, Φαεινή",Αγίων Ιουλίας Φαεινής και Γαλατείας
9a288e24-385f-4724-9b8f-cef67e8f0838,21,Ιούλιος,NULL,"Μαρτύρων Ακακίου, Γεωργίου, Ευγενίου, Θεοδώρου, Θεοφίλου, Ιούστου, Ματθαίου και Τροφίμου, Σύναξις υπεραγίας Θεοτόκου εν τοις Αρματίου"
9add7bcb-dbd8-4d6b-b906-4d55c278ba29,11,Σεπτέμβριος,"Ευανθία, Εύα, Ευάνθης, Ευφρόσυνος, Φρόσυνος","Αγίας Ευανθίας μάρτυρος, Οσίου Ευφροσύνου του μαγείρου, Αγία Θεοδώρα η εν Βαστα"
9b7384e9-67b7-439f-a13f-5723ca24fe7d,20,Δεκέμβριος,"Ιγνάτιος, Ιγνάτης, Ιγνατία",Αγίου Ιγνατίου Θεοφόρου
9e0a33af-2aa8-4502-ac2f-a34361f0ff18,22,Απρίλιος,"Νέαρχος, Νιάρχος, Ναθαναήλ, Ναθάνης, Ναθαναήλος, Ναθαναήλης, Ναθαναηλία, Ναθανηλία, Ραφαέλα, Ραφαέλλα, Ραφαήλα, Ραφαηλία, Ραφαήλ, Ραφαήλος, Νικόλαος, Νικόλας, Νίκος, Νικολός, Νικολής, Νικολάκης, Νικολέττα, Νικολούδα, Νικολίτσα, Νικολίνα, Νικολέτα, Νικόλ, Ειρήνη, Ρένα, Ρήνα, Ρηνιώ, Ρηνούλα, Ειρήνα, Ειρήνγκω, Ρένια","Εκατόν εβδομήντα εννιά Οσιομάρτυρες Νταού Πεντέλης, Ραφαήλ Νικόλαος και Ειρήνη Άγιοι Μυτιλήνης, Αγίου Νεάρχου, Αγίου Ναθαναήλ του Αποστόλου, Λαμπροτρίτη"
9e99ca3c-23a6-416e-8ce2-d22592fc0afb,3,Ιανουάριος,"Γενοβέφα, Γενεβιέβη",Οσίας Γενεβιέβης εκ Παρισίων
9eeaffb8-73a9-423e-807c-c37f6be54758,24,Ιούλιος,"Χριστίνα, Χριστιάνα, Κριστιάνα, Χρίστα, Κρίστα, Χρίστη, Κρίστη, Χριστινάκι, Αθηναγόρας","Αγίας Χριστίνης της Μεγαλομάρτυρος, Αγίου Αθηναγόρου ομολογητού"
a0a516a7-f688-4349-9d83-ec2d4770344e,22,Δεκέμβριος,"Αναστασία, Νατάσα, Νανά, Τασία, Σία, Τατία, Τάσα, Τέσα, Σάσα, Ζωΐλος, Ζωΐλα","Αναστασίας Φαρμακολύτριας, Αγίου Ζωίλου"
a1a6e13b-9fd0-40bf-b1b7-ae5a0ddf0b9e,27,Δεκέμβριος,"Μαυρίκιος, Μαυρίκης, Μωρίς, Μαυρικία, Μαυρίκα, Στέφανος, Στέφος, Στέφας, Στεφανής, Στεφανία, Στέφη, Στεφάνα, Στεφανιώ, Στεφανίτσα, Στεφανή, Στέφα","Στεφάνου Πρωτομάρτυρος, Αγίου Μαυρικίου μάρτυρος"
a1f3ec04-45c1-455f-a303-cbef55549326,20,Νοέμβριος,"Δεναχίς, Δεναχίδα","Ημέρα Μνήμης Υπερφυλικών, Θέκλας και των συν αυτή Αγίων παρθένων - Δινάχ"
a3190290-b65e-4016-8a16-2d159dab02b1,20,Φεβρουάριος,NULL,NULL
a32c3eec-9cdf-4f5b-8350-64d4b8277c41,10,Οκτώβριος,"Ευλάμπιος, Λάμπης, Ευλάμπης, Ευλαμπία, Ευλαμπή, Λαμπή, Λαμπία, Λάμπω",Αγίων Ευλαμπίου και Ευλαμπίας των αδελφών
a66aa133-60f1-472e-938f-b8a01aa69b4c,21,Φεβρουάριος,NULL,
a66d4f4f-1032-44f7-a7d2-a127bef48a99,30,Αύγουστος,"Αλέξανδρος, Αλέκος, Αλέξης, Άλεξ, Αλεξάνδρα, Αλεξάντρα, Αλεξία, Αλέκα, Αλέξο, Αλέξω, Σάντρα, Ευλάλιος, Ευλαλία, Φύλακας","Αγίου Αλεξάνδρου πατριάρχου Κωνσταντινουπόλεως, Αγίου Ευλαλίου ιεράρχου εν Κύπρω, Οσίου Φύλακος"
a716252b-dc61-4397-ac4e-56948555a516,24,Φεβρουάριος,NULL,Εύρεσις τιμίας κεφαλής Ιωάννου Προδρόμου
a783f083-e9e4-4441-9bc0-92271a3b0c37,19,Ιανουάριος,"Ευφρασία, Ευφρασίτσα, Μακάριος, Μακάρης, Μακαράς, Μακαρία, Μακάρω, Μακαρίτσα, Μακαρούλα","Μάρκου Ευγενικού, Αγίας Ευφρασίας, Οσίου Μακαρίου του Αιγυπτίου"
a8d1ad8f-3ea7-4a9c-999b-ac8167f10466,9,Νοέμβριος,"Νεκτάριος, Νεκτάρης, Νεκταρία, Νεκταρίνα, Νεκταρούλα, Ελλάδιος, Ελλάδης, Θεόκτιστος, Θεοκτίστη, Μαύρος, Μαύρα, Μαυρούλα, Μαυρίτσα","Νεκταρίου μητροπολίτου Πανταπόλεως, Οσίου Ελλαδίου, Οσίας Θεοκτίστης της Λεσβίας, Αγίων Χριστοφόρου και Μαύρας"
a961cc03-22b7-4866-853e-2e441a2a6f41,27,Φεβρουάριος,"Ασκληπιός, Νήσιος","Οσίου Ασκληπιού, Αγίου Νήσιου"
a9d52b31-58fa-4b85-91cf-293a97837eec,31,Αύγουστος,NULL,"Ανάμνησις της καταθέσεως της Αγίας Ζώνης της υπεραγίας Θεοτόκου, Των εν Νικομηδεία αγίων Μαρτύρων"
a9dcb7f1-bb02-4b52-b692-7e0281d44d09,10,Σεπτέμβριος,"Κλήμης, Κλημεντίνη, Κλημεντίνα, Κλεμεντίνη, Κλεμεντίνα, Μηνοδώρα, Μητροδώρα, Πουλχερία, Πουλχερίνα, Πουλχερίτσα, Πουλχέρω, Πουλχέρη","Αποστόλου Κλήμεντος, Αγίων Μηνοδώρας και Μητροδώρας μαρτύρων, Αγίας Πουλχερίας της παρθένου"
aabe8262-2ede-4fdc-be83-6faf9d60f49c,8,Μάρτιος,"Ερμής, Θεοφύλακτος, Φυλακτός, Φυλαχτός, Θεοφύλακτη, Φυλακτή, Φυλαχτή, Φυλαχτούλα, Θεόδωρος, Θοδωρής, Θόδωρος, Τεό, Θεοδώρα, Δώρα, Θοδώρα, Δωρούλα, Ντόρα","Ανάμνηση θαύματος κολλύβων Αγίου Θεοδώρου του Τήρωνος, Αγίου Ερμού Αποστόλου, Οσίου Θεοφυλάκτου"
aac0956f-ba5e-49d4-8315-04320219c645,31,Ιούλιος,"Ευδόκιμος, Ευδόκιμη, Ιωσήφ, Σήφης, Ιωσηφίνα, Ζοζεφίνα, Τζέσικα, Τζέσσικα, Φρειδερίκος, Φρειδερίκη","Οσίου Ευδοκίμου δικαίου, Αγίου Ιωσήφ Αριμαθαίας"
ab2e2486-70ef-4dda-ba76-41cc77a3aafb,17,Ιούλιος,"Μαρίνα, Μαρίνος, Αλίκη, Αλεξάνδρα, Αλεξία, Αλέξω, Αλέκα, Σάντρα, Σάσα",Αγίας Μαρίνας Μεγαλομάρτυρος
ab3c4a19-5f3d-41f5-a793-b9f9415b0c23,30,Ιανουάριος,"Αρχοντής, Αρχοντίων, Αρχοντίωνας, Αρχοντία, Αρχοντή, Αρχοντούλα, Αρχόντισσα, Αρχόντω, Μαύρος, Μαυρουδής, Μαυροειδής, Μαυρέτα, Χρυσή, Χρύσα, Χρυσαλία, Χρυσαυγή, Χρυσούλα, Σήλια, Χρυστάλλα, Χρυσταλλία, Αύρα","Τριών Ιεραρχών, Αγίου Μαύρου, Αγίας Χρυσής"
ac6d9749-7851-4aeb-9b6c-22b8dbb414e1,12,Ιούνιος,"Ονούφριος, Ονούφρης, Ονουφρία",Οσίου Ονουφρίου του Αιγυπτίου
ad0bfd80-2490-4351-a213-36565b57bd66,10,Ιούνιος,NULL,"Ιερομάρτυρος Τιμοθέου επισκόπου Προύσσης, Μαρτύρων Αλεξάνδρου και Αντωνίνης"
ade00b69-ba1b-4d3f-a2cd-915aad00ea4e,27,Αύγουστος,"Αρκάδιος, Αρκάδης, Αρκαδία, Αρκάδα, Λιβέριος, Λυμπέρης, Λιμπέρης, Λιμπέριος, Λιβέρης, Όσιος, Οσία, Φανουρία, Φανή, Φανούλα, Φανούριος, Φανούρης, Φάνης, Νούρης","Αγίου Αρκαδίου βασιλέως, Αγίου Λιβερίου πάπα Ρώμης ομολογητού, Αγίου Οσίου Ποιμένος επισκόπου Κορδούης, Αγίου Φανουρίου Μεγαλομάρτυρος"
ae13bf21-01d3-471d-b17d-b65158f51975,26,Νοέμβριος,"Στυλιανός, Στέργιος, Στέλιος, Στελής, Τέλης, Τέλιος, Στέλα, Στεργιανή, Στεργιούλα, Στυλιανή, Στέλλα, Τέλα, Τελία, Τελίτσα, Στελίνα, Νίκων","Στυλιανού Παφλαγώνος, Νίκωνος προστάτη Λακωνίας"
ae28d523-265d-462f-aa40-2db8edac5772,29,Οκτώβριος,"Αβραάμ, Αβραμία, Μελιτινή, Μελιτίνη, Μελιτίνα, Μελίτη, Μελίτα, Μελίνα, Μελιτίνος, Μελίνα, Αναστασία, Νατάσα, Νανά, Τασία, Σία, Τατία, Τάσα, Τέσα, Σάσα","Οσίου Αβραμίου, Αγίας Μελιτηνής μάρτυρος, Αγία Αναστασία η Ρωμαία"
ae2dd689-1db9-4c01-9a35-b3227c5b72c0,25,Ιανουάριος,"Γρηγόρης, Γρηγόριος, Γόλης, Γρηγορία, Μαργαρίτα, Μαργαριταρένια, Ρίτα, Μαργαρίτης","Γρηγορίου του Θεολόγου, Αγίας Μαργαρίτας Οσιομάρτυρος"
ae8c47fc-d4ed-4aec-9bdc-27b9afddfb7a,7,Μάρτιος,"Ευγένιος, Ευγένης",Αγίου Ευγενίου του Ιερομάρτυρος
aeaa4974-7ee1-4a61-a487-c3ceda0a40b2,12,Ιανουάριος,"Τατιανή, Τατιάνα, Τάτια, Τίτη, Τάνια, Μέρτιος, Μέρτος, Μέρτης, Μύρτος, Μερτία, Μέρτα, Μέρτη, Μερτούλα, Μυρτιά, Μυρτούλα","Αγίας Τατιανής, Αγίου Μέρτιου"
af169175-da20-427e-8cda-a38e111c15c5,14,Δεκέμβριος,"Αρριανός, Αριανός, Αρρειανός, Αρειανός, Αρριανή, Αριάνα, Λευκή, Λεύκια, Λευκούλα, Λευκάδα, Λεύκιος, Λεύκης, Λεύκος, Λεύκας, Λευκός, Ααρών, Αβραάμ, Αβραμία, Αδάμ, Αδαμάντιος, Αδάμος, Αδάμας, Διαμαντής, Αδαμαντία, Αμάντα, Άντα, Διαμάντω, Ρουμπίνη, Εύα, Δαβίδ, Δαυίδ, Δανάη, Δαν, Δεβόρα, Δεβώρα, Ντέμπορα, Ντέπυ, Εσθήρ, Μελχισεδέχ, Μελχής, Νώε, Ραχήλ, Ρεβέκκα, Μπέκυ, Ρούμπεν, Ρουμπίνη, Ρουμπίνι, Ρουμπίνα, Σάρα, Σάρρα, Ισαάκ, Ιώβ, Ιωβία, Ιώβη, Αιθάν","Κυριακή των Προπατόρων, Αγίου Αρριανού του ηγεμόνος, Αγίου Λευκίου"
b0bf8d2e-a90f-43e0-b904-ee0663e141f7,26,Αύγουστος,"Αδριανή, Ανδριαννή, Ανδριάνα, Αντριάνα, Αδριανός, Ναταλία, Ναταλίνα, Ναταλή, Νάταλι",Αγίων Αδριανού και Ναταλίας
b3d0686a-b7d6-4814-9be1-c5287e261ab6,22,Μάρτιος,"Δρόσος, Δροσίδα, Δροσούλα, Δροσία, Δρόσω, Δροσοσταλία, Δροσοσταλίδα, Δροσίς",Αγίας Δροσίδας και των πέντε Παρθένων
b3e8c669-0014-4956-91e9-a1949cd6e932,26,Απρίλιος,"Γλαφυρός, Γλαφύρα, Γλαφυρή, Γλαφυρούλα",Οσίας Γλαφύρας
b54822d3-abdc-48b2-a24e-569ba0c50cde,27,Ιούνιος,"Πιερής, Πιέρος, Πιέριος, Πιέρης, Πιερίων, Πιερία, Πιέρα, Σαμψών","Αγίου Πιερίου πρεσβυτέρου μάρτυρος, Σαμψών του Ξενοδόχου"
b59278c4-584d-4673-8614-59265968bed3,28,Νοέμβριος,Ειρήναρχος,Ιερομάρτυρος Ειρηνάρχου
b5ff46f3-e586-4dda-8ea5-93ee744a136d,29,Ιούλιος,"Θεόδοτος, Θεοδότης, Θεοδότη, Καλλίνικος, Καλλινίκης","Αγίας Θεοδότης μάρτυρος, Αγίου Καλλινίκου του Κίλικος"
b647092c-4953-4113-aed5-382dd37307c8,21,Δεκέμβριος,"Θεμιστοκλής, Θέμης, Θεμιστοκλεία, Θεμίστω, Θέμις, Θέμιδα, Ιουλία, Ιουλιανή, Ιουλίτσα, Γιουλία, Γιούλα, Γιουλίτσα, Τζούλια, Γιούλη, Ιούλιος, Ιακώβ, Γιακουμής, Ιωσήφ, Σήφης, Ιωσηφίνα, Ζοζεφίνα, Τζέσικα, Τζέσσικα","Αγίου Θεμιστοκλέους, Αγίας Ιουλιανής μάρτυρος, Δικαίων Πατριάρχου Iακώβ υιού Iσαάκ - Iακώβ υιού Mατθάν και Ιωσήφ υιού Iακώβ, Κυριακή προ της Χριστού γεννήσεως"
b7bcb943-82e7-49c6-9eae-716137bd59f2,12,Μάρτιος,"Θεοφάνης, Φάνης, Θεοφανία, Φάνια, Φανή, Φένια, Φανούλα","Οσίου Θεοφάνους ομολογητού, Δίκαιος Φινεές"
b8825ea2-6ceb-4726-946e-490e547d503a,14,Σεπτέμβριος,"Θεοκλής, Θεοκλέας, Θεόκλεια, Σταύρος, Σταυριανός, Σταύρακας, Σταυράκιος, Σταυρής, Σταυράκης, Σταυρούλα, Σταυριανή, Σταυρίνα, Σταυρία","Ύψωσις Τιμίου Σταυρού, Αγίου Θεοκλέους μάρτυρος"
b894ff73-0b18-4669-9142-8426efb9762c,14,Μάιος,"Αριστοτέλης, Τέλης, Θεράπων, Ισιδώρα, Δώρα, Ισίδωρος, Σιδέρης","Αγίων Αριστοτέλους και Λεάνδρου των μαρτύρων, Αγίου Θεράποντος επισκόπου Κύπρου, Αγίου Ισιδώρου μάρτυρος εν Χίω"
b89a170b-4f89-459d-9baa-2e3b3890c1f4,4,Φεβρουάριος,"Ιάσιμος, Σίμος, Ιασίμη, Σίμη, Ισιδώρα, Δώρα, Ισίδωρος, Σιδέρης","Οσίου Ιάσιμου του Θαυματουργού, Οσίου Ισίδωρου του Πηλουσιώτου"
b8f8d0e8-f7a5-4d7e-b7b6-2d65ec42a473,3,Απρίλιος,"Ιλλύριος, Λύρος, Ιλλυρία, Λύρα",Οσίου Ιλλυριού
b9aca0f9-183e-4099-8e8d-3739e6d7bef2,28,Μάιος,"Διοσκουρίδης, Διοσκορίδης, Διόσκορος",Αγίου Διοσκορίδη
b9c240aa-9050-4460-95df-597a5cb00407,27,Ιανουάριος,"Χρυσόστομος, Χρυσοστόμης, Χρυσοστόμη, Χρυσοστομία, Χρυσοστομίτσα",Ανακομιδή Τιμίων Λειψάνων Ιωάννου Χρυσοστόμου
ba1654d0-56e9-4083-a957-881bd963fd3c,27,Ιούλιος,"Παντελεήμων, Παντελεήμωνας, Παντελής, Παντελεήμονας, Παντελάκης, Παντέλος, Παντελίτσα, Παντελίνα, Παντελεούσα",Αγίου Παντελεήμονος Μεγαλομάρτυρος του Ιαματικού
bc9d1d98-ae91-4083-a8d8-e323a1b2c6cf,23,Οκτώβριος,"Ιάκωβος, Ιακωβίνα, Ζακελίνα",Ιακώβου Αποστόλου του αδελφοθέου
bdca018c-ca27-48ed-81eb-a81653435789,24,Νοέμβριος,NULL,"Ιερομαρτύρων Κλήμεντος Πάπα Ρώμης και Πέτρου επισκόπου Αλεξανδρείας, Ερμογένους επισκόπου Ακραγαντίνων"
c0d74000-39cc-4291-a01f-c0bd9fb8c4b6,4,Σεπτέμβριος,"Ερμιόνη, Ερμίνα, Μωυσής, Μωσής, Μωυσία, Μωσία, Ροζαλία, Ρόζυ, Ρόζα, Ωκεανός, Ωκεάνιος, Ωκεάνης, Ωκεανία, Ωκεανή, Ωκεανίς","Αγίας Ερμιόνης κόρης Αποστόλου Φιλίππου, Προφήτου Μωϋσέως Θεόπτου, Αγίου Ωκεανού μάρτυρος"
c0f66c2d-2f8e-42f5-b2a1-67964a23384f,11,Απρίλιος,"Αντίπας, Αντύπας",Αγίου Αντύπα Ιερομάρτυρος
c14798a9-5055-41eb-8913-cf5a11264fb4,2,Μάρτιος,"Ευθαλία, Θάλια, Θάλεια, Ευθαλίτσα, Ευθαλιώ, Θαλίτσα, Θαλιώ, Τρωάδιος, Τρωάδης, Τρωάδος, Τρωάς, Τρωάδα, Τρωαδία, Τρωάδη, Τρωαδίτσα","Αγίας Ευθαλίας της Μάρτυρος, Αγίου Τρωαδίου"
c358ce57-d887-457c-b9f6-accbbee966b6,18,Οκτώβριος,"Λουκάς, Λουκία, Λουκίτσα, Μαρίνος","Λουκά του Ευαγγελιστού, Αγίου Μαρίνου του γέροντος"
c6472c97-d9a6-40be-ad06-e0b274f39422,29,Μάρτιος,NULL,"Μάρκου επισκόπου Αρεθουσίων, Μαρτύρων Κυρίλλου διακόνου και των συν αυτοίς παρθένων και ιερωμένων"
c90d1f3b-2176-437d-9938-bcd48f93c99d,31,Μάρτιος,"Υπάτιος, Ύπατος, Υπάτης",Αγίου Υπατίου Ιερομάρτυρος
c91c0e1f-2b6c-4360-acb1-ae3b6a257a91,30,Απρίλιος,"Αργυρή, Αργυρούλα, Ρούλα, Αργυρώ, Ασημάκης, Ασημίνα, Ασημένια, Μένια, Μίνα, Μαλαματή, Μάλα, Μαλαματένια, Ματίνα, Δονάτος, Δονάτα, Ντονάτα, Ντονατέλα, Ντόνα, Ιάκωβος, Ιακωβίνα, Ζακελίνα, Γιακουμής","Ανακομιδή Τιμίων Λειψάνων Αγίας Αργυρής, Αγίου Δονάτου, Αγίου Ιακώβου του Αποστόλου"
ca8e1208-4788-4d15-9d3c-8313a362cab3,10,Νοέμβριος,"Αρσένιος, Αρσένης, Αρσενία, Αρσίνα, Αρσινόη, Εραστός, Εράστη, Εραστή, Ηρωδίων, Ροδίων, Ηρωδιάς, Ηρωδιάδα, Ροδιά, Ροδούλα, Ροδίτα, Ρόζα, Ροζαλία, Ροζίτα, Ροζίνα, Ροζάνα, Ροδίων, Ρόδιος, Ροδής, Ρόδος, Ηρωδίων, Ηρωδιανός, Σωσίπατρος, Σώπατρος, Σωπάτρα, Σωπατρία, Πάτρα, Πατρούλα, Πατρίτσα, Μίλος, Μίλης, Μίλων, Ορέστης, Ορεστιάς, Ορεστία, Ορεστιάδα, Ωρίων, Ωρίωνας, Ωριώνης, Ωριώνη","Οσίου Αρσενίου Καππαδόκου, Αποστόλων εκ των Εβδομήκοντα, Ιερομάρτυρος Μίλου του θαυματουργού, Αγίου Ορέστου του Τυανέως, Αγίου Ωρίωνος"
cb190efb-8652-438b-9abf-88c31193997f,17,Μάιος,"Ανδρόνικος, Ανδρονίκη, Ιουνία, Γιουνία, Σόλων, Σόλωνας, Σολόχων","Αγίων Ανδρονίκου και Ιουνίας των Αποστόλων, Αγίου Σολόχωνος του μάρτυρος"
cb754573-e40f-4d7a-85b5-258858d636e5,26,Δεκέμβριος,"Εμμανουήλ, Μανώλης, Μανόλης, Μανουήλ, Μάνος, Μανούσος, Μανουσάκης, Μανουσάκι, Εμμανουέλλα, Εμμανουέλα, Έμμυλι, Μανουέλα, Μανωλία, Κωνστάντιος, Κωστάντιος, Κωνσταντία, Κωσταντία, Ντία","Σύναξις Υπεραγίας Θεοτόκου, Αγίου Κωνσταντίου του Ρώσου εν Κωνσταντινούπολη"
cc25de39-e44d-46ed-b466-93425193c773,12,Απρίλιος,"Ακάκιος, Κάχι, Κάκι, Ανθούσα, Νεόφυτος, Νεοφυτία, Νεοφύτη, Λάζαρος, Λάζος, Λαζαρία, Λαζαρούλα","Οσίου Ακακίου Καυσοκαλυβίτου, Οσίας Ανθούσας, Οσίου Νεοφύτου του Εγκλείστου"
ce404e2c-fe6e-4f3c-968d-c65e40ffe050,21,Οκτώβριος,"Ευκράτης, Εύκρατος, Ευκρατάς, Ευκρατία, Ευκρατούλα, Ούρσουλα, Ορσαλία, Σωκράτης, Σωκρατίνα, Σωκρατία, Χριστόδουλος, Χριστοδούλη","Οσιομάρτυρος Ευκράτους, Αγίας Ούρσουλας, Ιερομάρτυρος Σωκράτους πρεσβυτέρου εν Αγκύρα, Ανακομιδή τιμίου Λειψάνου Οσίου Χριστοδούλου εν Πάτμω"
ce72dfb4-1893-4e33-9813-2f1e6bf17336,18,Απρίλιος,NULL,"Νεομάρτυρος Ιωάννου του ράπτου, Οσίων Ακακίου Κοσμά και Ευθυμίου"
cfaf0fd2-c70a-4ae1-ac5c-e7b200e3ea5f,4,Απρίλιος,NULL,"Οσίων Γεωργίου του εν τω Μαλεώ, Ζωσιμά και Πλάτωνος, Θεωνά αρχιεπισκόπου Θεσσαλονίκης"
cfd655f4-2e45-40de-bffc-0fe0b2d677ae,16,Ιανουάριος,"Δανάη, Δαν",Αγίου Δάνακτος του Αναγνώστου
d0756426-8ed9-42f1-99bf-51353ef66a1d,1,Φεβρουάριος,"Τρύφων, Τρύφωνας, Τρυφωνία, Φιλικητάτη, Φιλικήτη, Φιλικήτα","Αγίου Τρύφωνος του Μάρτυρα, Φιλικητάτης Μάρτυρος"
d0e7642a-f294-4648-be95-bc14dbc75079,27,Μάιος,"Αλύπιος, Αλυπία, Θεράπων, Ιωάννης, Γιάννης","Αγίου Αλυπίου μάρτυρος, Οσίου Θεράποντος ηγουμένου Λευκής Λίμνης, Οσίου Ιωάννου του Ρώσου"
d16ad1d7-2326-4df2-b643-0c2e92223054,18,Ιούνιος,"Έρασμος, Λεόντιος, Λεοντία, Λεοντίνα, Λεοντίτσα, Αλίνα, Αλένα","Οσίου Εράσμου, Αγίου Λεοντίου μάρτυρος εξ Αιγίνης, Αγίας Αλίνας"
d1b94702-a040-4642-9e36-c516319fe7c5,14,Απρίλιος,"Αρίσταρχος, Θωμαΐς, Θωμαΐδα, Θωμαή, Σάββας, Σάβας, Σαββούλης, Σαββούλα, Σαβούλα, Σαβούλη, Πάγκαλος","Αγίου Αριστάρχου Αποστόλου, Αγίας Θωμαΐδος μάρτυρος, Όσιος Σάββας ο Νέος ο εν Καλύμνω"
d2df0b02-ea9d-47ee-9cf5-419f06c846b6,15,Μάιος,"Αχίλλιος, Αχιλλέας, Αχίλλειος, Παχώμιος, Παχούμιος, Πάχος, Καλή, Κάλη","Οσίου Αχιλλίου, Οσίου Παχωμίου του Μεγάλου, Οσίας Καλής"
d30b6202-58f9-4360-9327-d730c00c57ae,27,Μάρτιος,"Φιλητός, Φιλήτα, Φιλήτη, Λυδία, Λήδα, Λύδα, Μακεδόνιος, Μακεδόνας, Μακεδόνης, Μακεδών, Μακεδονία, Μακεδονούλα, Μακεδονίτσα, Ματρώνα, Ματρόνα","Αγίων Φιλητού Λυδίας Θεοπρέπιου και Μακεδόνα, Αγίας Ματρώνης εν Θεσσαλονίκη"
d32da0b7-6c54-44ae-8fdd-949f4fcb833f,19,Σεπτέμβριος,"Σαββάτιος, Σάββατος, Σαββάτης, Σαββατία, Σαββατίνα, Σαββάτα, Σαββάτη, Σαββάτω",Αγίου Σαββατίου μάρτυρος
d3566261-00ea-4ebf-9e7d-d0e8e8558fb5,15,Σεπτέμβριος,"Βησσαρίων, Βησσαρίωνας, Βησσάρης, Βησσαρία, Νικήτας, Νικήτη, Νικήτα","Διεθνής Ημέρα Δημοκρατίας, Αγίου Βησσαρίωνος εν Λαρίση, Αγίου Νικήτα μάρτυρος"
d376e7b5-9c2a-4a29-a84b-86cc4047980b,1,Απρίλιος,NULL,"Οσίας Μαρίας της Αιγυπτίας, Μαρτύρων Γεροντίου και Βασιλείδου"
d3a1285f-e27f-484d-b3d1-b07e6db8b297,23,Ιούλιος,NULL,"Προφήτου Ιεζεκιήλ, Ιερομαρτύρων Απολλιναρίου και Βιταλίου επισκόπων Ραβέννης"
d6ae31c6-3ce5-49d2-8195-cddee3242234,14,Ιανουάριος,"Νίνα, Νίνας",Αγίας Νίνας Ισαποστόλου
d70e5cab-ee91-4e42-80c4-093afdba54ba,17,Ιανουάριος,"Αντώνιος, Αντώνης, Τόνης, Νάκος, Αντώνας, Αντωνάκος, Τόνυ, Αντωνία, Αντωνούλα, Τόνια, Θεοδόσιος, Θεοδόσης, Δόσιος, Δόσης, Τεό","Αντωνίου του Μεγάλου, Αγίου Θεοδοσίου του Μεγάλου, Νεομάρτυρος Γεωργίου του εξ Ιωαννίνων"
d76570af-0f83-4192-bc68-ec76950f8b8e,26,Ιανουάριος,"Ξενοφών, Ξενοφώντας, Φώντας, Φόντας, Φόνης, Ξενοφωντία, Ξενοφωντίνα, Ξενοφούλα, Ξενοφώντη, Ξένια",Οσίου Ξενοφώντος
d8573310-5457-4063-ac5d-05fedd52a074,20,Απρίλιος,"Ζακχαίος, Ζάκχος, Ζάχος, Αναστάσιος, Τάσος, Αναστάσης, Ανέστης, Αναστασία, Τασούλα, Αναστασία, Νατάσα, Νανά, Τασία, Σία, Τατία, Τάσα, Τέσα, Σάσα, Πασχαλίνα, Λίνα, Πασχαλιά, Πασχάλης, Λάμπρος, Λαμπρινή, Λαμπρίνα, Λίλα",Αγίου Ζακχαίου του Αποστόλου
d8ab0ab5-1e06-424c-b4de-a370644a89c0,30,Μάιος,"Εμμέλεια, Εμμελεία","Οσίου Ισαακίου του ομολογητού, Μαρτύρων Ναταλίου και Χριστίνης, Αγίας Εμμελείας"
d9dca5b7-7bc7-4b21-877d-4eb6b6c76668,21,Μάρτιος,NULL,"Θωμά πατριάρχου Κωνσταντινουπόλεως, Βηρύλλου επισκόπου Κατάνης, Μαρτύρων Δομνίνου και Φιλήμονος των εκ Θεσσαλονίκης"
d9f64ccd-fbd3-4a1d-bccd-4317781cbb89,12,Μάιος,"Επιφάνειος, Επιφάνιος, Επιφανία, Θεόδωρος, Θοδωρής, Θόδωρος, Τεό, Θεοδώρα, Δώρα, Θοδώρα, Δωρούλα, Ντόρα","Αγίου Επιφανείου, Οσίου Θεοδώρου εν Κυθήροις ασκήσας"
da307efc-e3b8-44d8-8dd0-fd40e7423cd5,20,Μάιος,"Θαλλελαίος, Θαλής, Λυδία, Λήδα, Λύδα","Αγίου Θαλλελαίου μάρτυρος ιατρού, Αγίας Λυδίας της Φιλιππησίας"
db3d4892-88c4-43b0-8166-9eeb679132c5,24,Απρίλιος,"Αχιλλέας, Αχιλλεύς, Αχίλλιος, Αχίλλειος, Δούκας, Δούκισσα, Δουκίτσα, Βαλεντίνη, Βαλεντίνα, Ντίνα, Ελισάβετ, Ελίζα, Λίζα, Ζέτα, Ζέττα, Έλλη, Βέτα, Μπέττυ, Ελισσάβετ, Θαυμαστός, Θαυμαστή","Αγίου Αχιλλέα Ιερομάρτυρος, Αγίου Δούκα, Πασικράτους και Βαλεντίωνος Μαρτύρων, Οσίας Ελισάβετ θαυματουργού, Οσίου Θαυμαστού"
db6506ba-0859-4c5b-9b44-5ae79a9d89d8,26,Μάρτιος,"Πούλιος, Σύλα, Σύλια, Σύλη, Σύλας, Σύλλας, Σύλος","Αγίου Πούλιου του Αναγνώστου, Ιερομαρτύρων εν Γοτθία"
db7f339a-789a-4fbd-a7ea-7390be402d4d,28,Φεβρουάριος,"Κύρα, Μαριάννα","Οσίων Κύρας και Μαράννας, Αγίας Κυράννας Νεομάρτυρος"
dbfb92c9-5df6-45e3-81d3-79a4dd8cc7cb,13,Οκτώβριος,"Καρπός, Αγαθονίκη, Χρυσή, Χρύσα, Χρυσαλία, Χρυσαυγή, Χρυσούλα, Σήλια, Χρυστάλλα, Χρυσταλλία, Φλωρεντία, Φλωρέντα, Φλωρένα, Φλώρινα, Φλωρένσα, Φλωρέντζα, Ντία, Φλωρέντιος, Φλωρέντης, Φλωρέντος, Φλορέντσος","Ιερομαρτύρων Κάρπου και Αγαθονίκης, Νεομάρτυρος Χρυσής, Αγίου Φλωρεντίου του Θεσσαλονικέως"
dc006087-8f92-451b-bd98-456817b4aca6,17,Νοέμβριος,"Γεννάδιος, Γενάδιος","Διεθνής Ημέρα Σπουδαστών, Αγίου Γενναδίου πατριάρχου Κωνσταντινουπόλεως"
dd0b3267-9ad6-4e0b-9c35-c37ebd387e6b,6,Ιούνιος,"Ιλαρίων, Ιλαρίωνας, Ιλαρία, Ιλαριάδα, Λαριάδα",Οσίου Ιλαρίωνος
dd238831-57da-446e-b0d5-ca67917efb87,15,Νοέμβριος,NULL,"Μαρτύρων Αβίβου Γουρίου και Σαμωνά, Ευψυχίου Καρτερίου και Νεάρχου"
dd788ca1-1187-4c07-894e-d55dad43b495,30,Ιούλιος,"Ανδρόνικος, Ανδρονίκη, Σιλουανός, Σιλουανή, Σιλουάνα, Σιλουάνια, Κρήσκης, Επαινετός, Επαινετή",Αγίων Σίλα Σιλουανού Επαινετού Κρήσκης και Ανδρονίκου των Αποστόλων
de907c0c-0976-4771-bb45-037704eef246,17,Μάρτιος,"Αλέξιος, Αλέξης, Αλέκος, Αλεξία, Αλέξα, Γερτρούδη",Οσίου Αλεξίου
df3c26c6-122c-4f8c-a09d-a0dc58398549,10,Δεκέμβριος,NULL,"Μαρτύρων Μηνά του Αθηναίου, Ερμογένους επισκόπου Αλεξανδρείας και Ευγράφου, Γεμέλλου του πολυάθλου και Θεοτέκνου πρεσβυτέρου"
df3eaa15-828b-4323-81fd-8fc99424d20f,16,Μάιος,"Ιερομαρτύρων Αύδα και Αυδιησού, Αλεξάνδρου πατριάρχου Ιεροσολύμων",NULL
e1941b2b-8f45-499e-be54-9e27befb6f2c,19,Απρίλιος,"Φιλίππα, Φιλιππία, Φιλιώ",Άγιος Θεόδωρος και οι συν αυτώ Φιλίππα Διόσκορος Σωκράτης και Διονύσιος
e565da98-a263-4136-96a5-a79191488618,13,Νοέμβριος,"Δαμασκηνός, Δαμασκηνή, Χρυσόστομος, Χρυσοστόμης, Χρυσοστόμη, Χρυσοστομία, Χρυσοστομίτσα","Οσιομάρτυρος Δαμασκηνού του Κωνσταντινοπολίτου, Ιωάννου Χρυσοστόμου αρχιεπισκόπου Κωνσταντινουπόλεως"
e66a1306-6a44-40ae-af34-f18e11b66b4a,4,Δεκέμβριος,"Βαρβάρα, Ρούλα, Ρίτσα, Βαρβάρω, Βαρβαρούλα, Βαρβαρίτσα, Σεραφείμ, Σεραφειμία, Σεραφείμα, Σεραφίνα, Σεραφειμή, Σεραφειμούλα, Σεραφειμίτσα","Βαρβάρας της μεγαλομάρτυρος, Ιερομάρτυρος Σεραφείμ επισκόπου Φαναρίου και Νεοχωρίου"
e66c0b3c-2de6-4abf-9c21-f4567799f0ae,15,Αύγουστος,"Παναγιώτης, Πάνος, Πανούσος, Παναγής, Πανάγος, Γιώτης, Τάκης, Πανίκος, Παναγιώτα, Γιώτα, Παναγιούλα, Γιούλα, Παναγούλα, Πένυ, Νάγια, Πανυχρούλα, Δέσποινα, Δέσπω, Ντέπη, Πέπη, Ζέπω, Μαρία, Μαργέτα, Μαριέττα, Μαργετίνα, Μάρω, Μαριωρή, Μαρίκα, Μαριγώ, Μαριγούλα, Μαρούλα, Μαρίτσα, Μανιώ, Μαίρη, Μαρινίκη, Μυρέλλα, Μάνια, Μάρα, Μάριος, Γεσθημανή, Ιεσθημανή, Θεοτόκης, Θεοτοκία, Μαριάντζελα, Μαρινέλα, Ελεούσα, Λούση, Ελώνα, Ελλώνα, Ελόνα, Ηλιοστάλακτη, Καθολική, Κρυστάλλω, Κρουστάλλω, Κρουστάλω, Κρυσταλία, Κρυσταλλία, Κρουσταλένια, Πρέσβεια, Πρεσβεία, Συμέλα, Σιμέλα, Σουμελά",Κοίμησις της Θεοτόκου
e7179b73-8e2b-455c-b865-58d4c4adc747,23,Νοέμβριος,"Αμφιλόχιος, Αμφιλοχία, Έλενος, Λένος","Οσίου Αμφιλοχίου επισκόπου Ικονίου, Οσίου Ελένου επισκόπου Ταρσού"
e720a992-023f-4659-a035-fa42dcd1558a,4,Μάρτιος,"Γεράσιμος, Μάκης, Μικές, Μίκης, Γερασιμούλα",Οσίου Γερασίμου του Ιορδανίτου
e7660928-b552-47e9-9722-084b1d633d1c,14,Ιούνιος,"Ελισσαίος, Ελισσώ, Ελισώ, Νήφων","Προφήτη Ελισσαίου, Οσίου Νήφωνος εν Άθω"
e873ac6a-5171-4b70-ad24-91fbca928f94,11,Ιούλιος,"Ευφημία, Εύφημη, Εύφη, Ευφημούλα, Ευφούλα, Φούλα, Εύφημος, Όλγα","Αγίας Ευφημίας Μεγαλομάρτυρος, Αγίας Όλγας Ισαποστόλου"
ea2e0613-e075-458d-b3d5-588901308136,2,Φεβρουάριος,"Υπαπαντή, Μαρουλία, Μαρούλα, Ρούλα","Υπαπαντή του Σωτήρος, Σύναξη της Υπεραγίας Θεοτόκου της Μαρουλιανής"
eb175228-b013-4421-8099-432f8e7f7906,29,Ιούνιος,"Πέτρος, Πετρής, Πετράς, Πετράκης, Πετρουλάς, Πετρίνος, Πέτρα, Πετρούλα, Πετρία, Πετρίνα, Παύλος, Πώλ, Παυλίνα, Πωλίνα, Παύλιανη, Πάολα",Αποστόλων Πέτρου και Παύλου
eb9313c6-71c5-49bd-8704-4ff9bcd2cad5,7,Ιανουάριος,"Ιωάννης, Γιάννης, Τζαννής, Τζανής, Γιάγκος",Τιμίου Προδρόμου
ebe72c06-e072-48c1-b99e-ffb438bb6a06,5,Δεκέμβριος,"Διογένης, Σάββας, Σάβας, Σαββούλης, Σαββούλα, Σαβούλα, Σαβούλη","Σάββα του Ηγιασμένου, Αγίου Διογένους μαρτύρου"
ec306f2f-f179-43e2-b16d-4e17f81a0a76,1,Ιούλιος,"Ανάργυρος, Ανάργυρη, Αναργυρούλα, Δαμιανός, Δαμιανή, Κοσμάς, Μαυρίκιος, Μαυρικής, Μωρίς, Μαυρικία, Μαυρίκα","Αγίων Κοσμά και Δαμιανού των Αναργύρων, Αγίου Μαυρικίου"
ec59af41-5fa9-4540-9d9a-01f4674c5c72,24,Ιούνιος,"Ερρίκος, Έρικ","Το Γενέθλιον του Τιμίου Προδρόμου και Βαπτιστού Ιωάννου, Σύναξη Ζαχαρίου και Ελισάβετ των γεννητόρων αυτού, Οσίου Ερρίκου της Ωξέρ"
ed20840d-6ce9-45bd-b4fe-666c03d1a0a3,11,Δεκέμβριος,NULL,Μαρτύρων Αειθαλά και Ακεψεή
edf36bba-6269-49c6-a7ac-85852598f9b8,1,Αύγουστος,"Ελέσα, Ελέσσα, Εύκλεος, Ευκλεή, Ευκλέα, Μάρκελος, Σολομονή, Κασσάνδρα","Πρόοδος του Τιμίου και Ζωοποιού Σταυρού, Οσιομάρτυρος Ελέσης εν Κυθήροις, Αγίων Εννέα Μαρτύρων εν Πέργη, Αγίων Επτά Μακκαβαίων και μητρός Σολομονής, Αγία Νεομάρτυς Κασσάνδρα η Τραπεζούντια"
efae93af-9d4d-4d1b-8cde-be2ccfad4252,27,Σεπτέμβριος,"Ακυλίνα, Ακυλίνη, Ακυλήνη, Επίχαρις, Επιχάρια, Ζήνων, Καλλίστρατος, Καλλιστράτης, Καλλιστράτη","Νεομάρτυρος Ακυλίνης εν Ζαγκλιβερίω Χαλκιδικής, Αγίας Επιχάριτος μάρτυρος, Αγίου Ζήνωνος επισκόπου Λαοδικίας, Μεγαλομάρτυρος Καλλιστράτου"
f044979b-f102-4085-b794-ce999cf23412,25,Μάιος,NULL,"Μνήμη της τρίτης ευρέσεως της τίμιας κεφαλής του βαπτιστού Ιωάννου Προδρόμου, Μαρτύρων Κελεστίνου και Παγχαρίου, Οσίου Ολβιανού"
f249bd21-ec75-4e92-9dc3-0a013000c0d9,6,Αύγουστος,"Σωτήριος, Σωτήρης, Σώτος, Σώτης, Σωτηρία, Σωτήρω, Σωτία, Ευμορφία, Μορφούλα",Μεταμόρφωσις του Σωτήρος
f37f7335-2695-4406-9ec7-4677d2db06f3,31,Οκτώβριος,"Απελλής, Απέλλης, Αμπλίος, Αμπλία, Νάρκισος, Νάρκισσος, Αριστόβουλος, Αριστοβούλη, Στρατονίκη, Στρατή, Νίκη","Αποστόλων εκ των Εβδομήκοντα, Μαρτύρων Σελεύκου και Στρατονίκης"
f3e0c7ca-99de-41e3-bbb7-fef5ddb3f89d,2,Δεκέμβριος,"Μερόπη, Μυρόπη, Σολομών, Σολομώντας, Σόλων, Σόλωνας, Σολομωντία, Πορφύριος, Πορφυρός, Πορφύρης, Πορφυρή, Πορφυρία, Πορφύρα, Πορφυρώ, Πορφυρούλα","Μάρτυρος Μερόπης εν Χίω, Αγίου Σολομώντος αρχιεπισκόπου Εφέσου, Όσιος Πορφύριος ο Καυσοκαλυβίτης"
f581dde3-2270-49be-ac5a-2bf88007736b,28,Σεπτέμβριος,"Χαρίτων, Χαρίτωνας, Χαρίτος, Αλκίσων","Οσίου Χαρίτωνος ομολογητού, Αγίου Αλκίσων"
f5ed5b5d-d88d-4a3b-a8a1-fe6fdcf6a1d6,10,Ιανουάριος,NULL,"Γρηγορίου επισκόπου Νύσσης, Δομετιανού επισκόπου Μελιτινής, Μαρκιανού πρεσβυτέρου και οικονόμου της Μεγάλης Εκκλησίας και Αμμωνίου"
f60490ee-8084-425f-882c-c33920db3398,21,Ιανουάριος,"Αγνή, Αγνούλα, Ευγένιος, Ευγένης, Μάξιμος, Μάξιμη, Μάξιμα, Νεόφυτος, Νεοφυτία, Νεοφύτη, Πάτροκλος, Πατρόκλειος, Πατροκλέας, Πατροκλής, Πατρόκλεια, Πατροκλά, Πάτρα, Πατρούλα","Μαξίμου Ομολογητού, Αγίας Αγνής, Αγίου Ευγενίου εκ Τραπεζούντας, Αγίου Νεοφύτου του Μάρτυρος, Αγίου Πατρόκλου"
f6f9bd32-b86e-4d0f-ab97-161ca65c347b,5,Σεπτέμβριος,"Ζαχαρίας, Ζάχαρης, Ζάχαρος, Ζάκι, Ζάκης, Ζαχαρένια, Ζαχάρω, Ζαχαρούλα, Ζαχαρίτσα",Προφήτου Ζαχαρίου πατρός Ιωάννου Βαπτιστή
f7420373-fcfc-4805-af14-6c5eadeef133,13,Αύγουστος,NULL,"Απόδοσις της εορτής της Μεταμορφώσεως, Μάρτυρος Κορωνάτου"
f823565a-6cc5-49b1-877a-4ad2848f0cdf,29,Σεπτέμβριος,Κυριάκος,Οσίου Κυριακού του Αναχωρητού
f8b18042-79be-4e51-9a45-64c3ad1949cd,17,Σεπτέμβριος,"Σοφία, Σόνια, Σοφιανή, Σόφη, Σοφίνα, Φιφή, Σοφούλα, Σοφίτσα, Σοφάκι, Σοφιανός, Σοφούλης, Πίστη, Πίστις, Ελπίδα, Ελπίς, Αγάπη, Αγάπιος, Σοφιάννα, Αγαθοκλής, Αγαθοκλέας, Αγαθόκλεια, Ολιβιανός, Ολβιανός, Ολιβία, Ολίβια, Παντολέων, Παντολέοντας, Παντολεοντής, Παντολεοντία, Παντολεοντή, Πηλεύς, Πηλέας","Σοφίας και των θυγατέρων αυτής, Αγίας Αγαθοκλείας μάρτυρος, Οσίου Ολβιανού, Αγίου Παντολέοντος, Αγίου Πηλέως"
f8f59f2d-269d-4834-8fe2-518771e16901,10,Ιούλιος,"Αμαλία, Αμελί",Οσίας Αμαλίας
f946ac63-65da-4c10-951f-c086c7b8d5d8,15,Ιούνιος,"Αυγουστίνος, Αυγουστίνα, Αύγουστος, Αυγούστα, Ιερώνυμος, Γερώνυμος, Ιερονύμη, Μόνικα, Μόνα, Ορτίσιος, Ορτίσης, Ορτίσια, Ορτανσία, Αγαμέμνονας, Αγαμέμνων, Αγησίλαος, Αγόρω, Αγορίτσα, Ρίτα, Αίολος, Άλκηστις, Αλκμήνη, Ανδρομέδα, Αντιόπη, Αριστομένης, Αρθούρος, Βελισάριος, Βενέτιος, Βενετία, Βενιζέλος, Βιολέτα, Βρασίδας, Διαγόρας, Δίκαιος, Εβελίνα, Έβελιν, Έκτορας, Ελβίρα, Εριφύλη, Ερρίκος, Έρικ, Ερωτόκριτος, Ευαγόρας, Ευριπίδης, Ευρυδίκη, Φαίδων, Φαίδωνας, Φειδίας, Φραγκίσκος, Φρατζέσκα, Γιασεμή, Γιασμίνα, Γιολάντα, Γλαύκος, Ηλέκτρα, Ιοκάστη, Ισαβέλα, Καλομοίρα, Καλυψώ, Κανέλος, Κανέλα, Νέλλη, Κασσάνδρα, Κίμων, Κίμωνας, Κίρκη, Κλάρα, Κλεάνθης, Κλεάνθη, Κλέαρχος, Κλεομένης, Κομνηνός, Κρίτων, Κρίτωνας, Κυβέλη, Λαέρτης, Λογοθέτης, Λυκούργος, Λύσανδρος, Μανταλένα, Μάνθος, Μανθούλα, Μίνωας, Μιράντα, Μιρέλα, Μυρτώ, Ναυσικά, Νεοκλής, Νεοπτόλεμος, Νιόβη, Οφηλία, Ορφέας, Όθων, Όθωνας, Παγώνα, Πανωραία, Περίανδρος, Πραξιτέλης, Πυθαγόρας, Ροδοθέα, Τερέζα, Τερψιθέα, Θέλξη, Θρασύβουλος, Θράσος, Τιμολέων, Άγις, Αίσωπος, Αλβέρτος, Αλκίνοος, Αμφιτρίτη, Αναξίμανδρος, Ανδροκλής, Αρετή, Αρετούσα, Εριέττα, Έρη, Έρρικα, Γοργίας, Ήρα, Ηρώ, Ιόλη, Ιπποκράτης, Κάρολος, Καρολίνα, Μαλβίνα, Μέλισσα, Μελίσσα, Ναπολέων, Ναπολέωντας, Σεμίνα, Οδέττη, Ζώτος, Αλφρέδος, Αρμονία, Ηώ, Ήβη, Ινώ, Κλαίρη, Λάνα, Λάρα, Λίλα, Λίλιαν, Μαρίσσα, Κυρήνη, Μηλινόη, Νία, Ρέα, Υβόννη, Βεατρίκη, Άρια, Άρυα, Καλλίµαχος, Κρατερός, Πολυκράτης, Πούλια","Των Αγίων Πάντων, Γιορτή του πατέρα, Αγίου Αυγουστίνου επισκόπου Ιππώνος, Οσίου Ιερώνυμου, Οσίας Μονίκης, Οσίου Ορτισίου"
fa283362-40aa-41bf-ae8a-66b33aa34d30,7,Φεβρουάριος,"Παρθένιος, Παρθένης, Παρθενία, Παρθενόπη, Λουκάς, Λουκία, Λουκίτσα","Οσίου Παρθενίου, Οσίου Λουκά"
fae88899-024f-444b-b013-92c500ec18c6,5,Μάρτιος,"Αρχέλαος, Ευλόγιος, Ευλογής, Ευλογία, Ευλογούλα, Ευλογίτσα, Κόνων","Αγίου Αρχελάου και μαρτύρων, Αγίων Ευλαμπίου και Ευλογίου, Αγίου Κόνωνος"
fb380a09-304d-41fd-a24a-59eb38dc1ab0,1,Μάιος,"Ιερεμίας, Πανάρετος, Παναρέτη, Ισιδώρα, Δώρα, Τάμαρα, Ταμάρα, Φιλόσοφος, Σοφός, Φιλοσοφία, Φιλοσοφή","Προφήτου Ιερεμία, Αγίου Πανάρετου, Οσίας Ισιδώρας, Αγίας Ταμάρας, Αγίου Φιλοσόφου"
fc2398fb-0450-4a27-968b-740a53b04e09,5,Νοέμβριος,"Γαλακτίων, Γαλακτίωνας, Γαλάτιος, Γαλάτης, Γαλακτία, Γαλατεία, Γαλάτια, Επιστήμη, Λίνα, Λίνος, Σιλβανός, Σιλβάνα, Σιλβανή, Σίλβια, Σίλβα","Μαρτύρων Γαλακτίωνος και Επιστήμης, Αγίου Λίνου πρώτου επισκόπου παλαιάς Ρώμης, Αγίου Σιλβανού"
fcdb367d-18e7-4f2c-9047-0f5e533f2f31,18,Ιούλιος,"Αιμιλιανή, Αιμιλία, Έμμυ, Αιμιλιανός, Αιμίλιος",Αγίου Αιμιλιανού μάρτυρος
fddeece3-6182-4825-a7e1-bb0f60a73cfa,1,Οκτώβριος,"Ανανίας, Νίνος, Θηρέσιος, Θηρεσία, Ρωμανός, Ρωμάνα, Ρωμανή","Αγίου Ανανίου επισκόπου Δαμασκού, Οσίου Ρωμανού του Μελωδού"
fe2d6645-a7bd-45f5-8aba-46d2dc601695,29,Αύγουστος,NULL,Αποτομή κεφαλής του Τιμίου Προδρόμου
fe3bd71a-9066-436a-87e0-fa90d1ffd13e,9,Ιούλιος,"Παγκράτιος, Παγκρατία",Αγίου Παγκρατίου ιερομάρτυρος επισκόπου Ταυρομενίου
ffa318f0-3c67-4c80-b671-b31a4ffb6e07,26,Οκτώβριος,"Δημήτριος, Δημήτρης, Δημητρός, Μίμης, Τζίμης, Μήτσος, Τζιμάκος, Μητσάκος, Μήτρος, Ντέμης, Ντίμης, Δήμητρα, Μιμή, Μιμίκα, Δημητρία, Ντίμι, Ντέμη, Δήμος, Γλύκων, Γλυκός, Λέπτινος, Λεπτίνα, Λούππος, Λούππης, Κυπαρισσία, Παρεσίνα, Παρεσσία, Παρέσια, Παρέσσα","Δημητρίου του Μυροβλύτου, Αγίου Γλύκωνος μαρτύρου, Αγίας Λεπτίνας μάρτυρος, Αγίου Λούππου"
ffa86f5b-c7b5-439a-a5c3-4b7fdab96ca8,28,Απρίλιος,"Μάγνος, Μαγνής, Μάγνα",Αγίων εννέα Μαρτύρων της Κυζίκου
ffaad4f2-aff3-4295-b285-b7f7d5fb8701,24,Δεκέμβριος,"Ευγενία, Ευγενούλα, Ευγενίτσα, Τζένη, Τζενούλα, Ευγενίκη, Αχμέτ","Ευγενείας της οσιομάρτυρος, Αγίου Αχμέτ του νεομάρτυρος"
fffc379c-ab99-408a-b4f3-9bbf321910ae,11,Νοέμβριος,"Μηνάς, Βικέντιος, Βικέντης, Βικεντία, Βικτωρία, Βικτορία, Βιτωρία, Βίκτωρ, Βίκτωρας, Βίκτορας, Δράκων, Δράκοντας, Δράκος, Δρακούλης, Δρακούλα","Μηνά μεγαλομάρτυρος, Μάρτυρος Βικεντίου διακόνου, Αγίου Βίκτωρος Μεγαλομάρτυρος, Αγίου Δράκωνα"