id,name,feast_day,bio,apolitikio,image_url,feast_month
13708f78-0497-4a38-9460-fe13be5b5288,ΣΥΝΑΞΗ ΤΩΝ ΑΓΙΩΝ ΕΒΔΟΜΗΚΟΝΤΑ ΑΓΙΩΝ ΑΠΟΣΤΟΛΩΝ,4,"Για τους Αποστόλους αυτούς μας πληροφορεί το κατά Λουκάν Ευαγγέλιο στο δέκατο κεφάλαιο. Τους εξέλεξε ο Χριστός ύστερα από τους Δώδεκα για να βοηθούν το έργο Του, πηγαίνοντας αυτοί πρωτύτερα σε κάθε πόλη και τόπο, όπου θα πήγαινε κατόπιν ο Ίδιος. Στον αγώνα αυτό, έπρεπε να καταβάλουν όλη τους τη δραστηριότητα, χωρίς να χάνουν ούτε στιγμή.  
 Γι’ αυτό τους είπε, ότι ώφειλον να μη σταματούν και να μη χαιρετούν κανένα εις τον δρόμον. Ο Κύριος παρήγγειλε τους εβδομήκοντα Αποστόλους, μήτε βαλάντιο να έχουν μαζί τους, μήτε δισάκιο, ούτε υποδήματα να κρατάνε. Γιατί; Για να φανεί, ότι οι στρατιώτες του Χριστού πρέπει να έχουν αυταπάρνηση και να εξοικειώνονται με όλες τις στερήσεις. Και να δειχθεί ότι ο Θεός με μηδαμινά μέσα κατορθώνει τα μεγαλύτερα και δυσκολότερα έργα.
Οι Εβδομήκοντα εξετέλεσαν την αποστολή τους με όλη την ακρίβεια και την πειθαρχία, όταν ο Χριστός ήταν στη γη. Αλλά και υστέρα από την ανάληψή Του και το σχηματισμό της Εκκλησίας Του, έκαναν με ζήλο και αυταπάρνηση όλο το καθήκον τους.
Οι Πατέρες της Εκκλησίας, της πρώτης Χριστιανικής περιόδου, προσπάθησαν να τους ταυτίσουν σταχυολογώντας πρόσωπα της Καινής Διαθήκης, κυρίως από το βιβλίο των Πράξεων, καθώς και τις Επιστολές του Αποστόλου Παύλου. Η πρώτη απόπειρα καταρτίσεως καταλόγων των ονομάτων των Εβδομήκοντα Αποστόλων έγινε σε αντίδραση ενεργειών των Γνωστικών, οι οποίοι είχαν ανορθόδοξη και εσφαλμένη αντίδραση περί του επισκοπικού αξιώματος και της αδιάκοπης αποστολικής διαδοχής και αποσκοπούσε να προβάλει πρόσωπα με αναμφισβήτητο εκκλησιαστικό κύρος, που ήσαν άμεσα συνεχιστές του έργου των Δώδεκα Αποστόλων. Από την εποχή του πρώτου σχίσματος (867 μ.Χ.), όταν το «παπικὸν πρωτεῖον ἐξῆλθεν πλέον τῆς θεωρητικῆς καὶ ἀορίστου μορφῆς τὴν ὁποίαν μέχρι τοῦδε διετήρει καὶ ἔλαβε πρακτικὴν καὶ ὡρισμένην μορφὴν ἐπικίνδυνον διὰ τὴν ἀνεξαρτησίαν τῆς Ἀποστολικῆς Ἐκκλησίας», προβάλλονται ιδιαίτερα από την Ορθόδοξη Εκκλησία οι Εβδομήκοντα Απόστολοι, σε αντίδραση στις γνωστές θέσεις των Ρωμαιοκαθολικών περί του πρωτείου του Πάπα. Γι’ αυτό, αν και έκαστος των Αποστόλων εορτάζει σε τακτή ξεχωριστή ημέρα, η Εκκλησία μας όρισε και ιδία μέρα για την κοινή εορτή αυτών που κακοπάθησαν για το Ευαγγέλιο του Υιού και Λόγου του Θεού                                            Αυτοί δε ήταν τα ονόματά τους:
Άγαβος, προφήτης, ο οποίος προφήτευσε τη σύλληψη του Αποστόλου Παύλου και το μέγα λιμό εις Ιερουσαλήμ.
Ακύλας, μαθητής του Αποστόλου Παύλου, μετά της συζύγου αυτού Πρισκίλλης, μαρτυρικά τελειωθέντες.
Αμπλίας, Επίσκοπος Οδυσσουπόλεως (της Μακεδονίας), υπό του Αποστόλου Ανδρέου εγκατασταθείς και υπό των εθνικών αναιρεθείς.
Ανανίας, μαθητής του Κυρίου στη Δαμασκό, συναντήσας καθ’ υπόδειξη του Κυρίου τον Σαούλ (Παύλο) τυφλωθέντα, τον οποίο θεράπευσε και Βάπτισε. Έγινε Επίσκοπος Δαμασκού, τελειωθείς διά λιθοβολισμού.
Ανδρόνικος, Επίσκοπος Πανονίας  η εύρεση των Τιμίων Λειψάνων του).
Απελλής, Επίσκοπος Σμύρνης.
Απελλής (έτερος), Επίσκοπος της εν Θράκη Ηρακλείας.
Απολλώς, Επίσκοπος Καισαρείας.
Απφία(ς) (ή Απφιών), σαφώς πρόκειται περί γυναίκας Αποστόλου, την οποία αναφέρει ο Απόστολος Παύλος στην προς Φιλήμονα επιστολή: «καὶ Ἀπφίᾳ τῇ ἀγαπητῇ». Συνεμαρτύρησε μετά των Αποστόλων Διλήμονος, Αρχίππου και Ονησίμου επί Νέρωνος (φέρεται ως σύζυγος του Φιλήμονος).
Αρίσταρχος, Επίσκοπος της εν Συρία Απαμείας, αποκεφαλισθείς υπό Νέρωνος.
Αριστόβουλος, Επίσκοπος Βρετανίας, αδελφός του Αποστόλου Βαρνάβα.
Αρτεμάς, Επίσκοπος Λύστρων.
Άρχιππος, μαθητής του Αποστόλου Παύλου εις Κολοσσάς. Ετελειώθηκε μαρτυρικά επί Νέρωνος.
Ασύγκριτος, Επίσκοπος Υρκανίας, ετελειώθηκε μαρτυρικώς.
Αχαϊκός, μαθητής του Αποστόλου Παύλου στην Κόρινθο, ετελειώθηκε από λιμό και δίψα.
Βαρνάβας ή Ιωσής, Κύπριος την πατρίδα, από τους ελληνιστές Εβραίους της νήσου και από την φυλή Λευΐ. Από Ιωσής, για το γλυκύ του κήρυγμα, μετονομάσθηκε Βαρνάβας, που σημαίνει «υἱὸς παρακλήσεως». Συνέκδημος του Αποστόλου Παύλου, κήρυξε το Ευαγγέλιο στην Αντιόχεια, Ιερουσαλήμ, Ρώμη, Αλεξάνδρεια και Κύπρο, όπου λιθοβολήθηκε και παραδόθηκε στο πυρ. Είναι ο ιδρυτής της Εκκλησίας της Κύπρου.
Γάιος, Επίσκοπος Εφέσου.
Επαινετός, Επίσκοπος Καρθαγένης.
Επαφρόδιτος (ή Επαφράς), Επίσκοπος Κολοφώνος ή Κολώνης ή Αδράκης.
Έραστος, οικονόμος της Εκκλησίας Ιεροσολύμων και Επίσκοπος Πανεάδος.
Ερμάς, Επίσκοπος Φιλίππων ή Φιλιππουπόλεως.
Ερμής, Επίσκοπος Δαλματίας.
Εύβουλος, μαθητής του Αποστόλου Παύλου.
Εύοδος, Επίσκοπος Αντιόχειας, διάδοχος του Αποστόλου Πέτρου.
Ζακχαίος, αρχιτελώνης της Ιεριχώ, τον οποίο κάλεσε ο Κύριος.
Ζηνάς ή Ζήνων, Επίσκοπος Διοσπόλεως της Λαοδικίας.
Ηρωδίων και Ροδίων ή Ρόδιος, Επίσκοπος νέων Πατρών, ακόλουθος των Αποστόλων. Ετελειώθηκε μαρτυρικά υπό Ιουδαίων και εθνικών ή Επίσκοπος Ταρσού, ακόλουθος των Αποστόλων Πέτρου στη Ρώμη. Αποκεφαλίσθηκε υπό Νέρωνος μετά του Ολυμπά.
Ιάκωβος ο Αδελφόθεος, αδελφός του Κυρίου και υιός Ιωσήφ του Μνήστορος, συγγραφεύς της φερωνύμου Καθολικής Επιστολής και πρώτος Ιεράρχης Ιεροσολύμων. Ο Άγιος ετελειώθηκε μαρτυρικώς υπό Ιουδαίων και Κυριακή μετά την Χριστού Γέννηση).
Ιάκωβος ο Αλφαίου ή Αλφαίος, αδελφός Ματθαίου του Ευαγγελιστού.
Ιάσων, Επίσκοπος Ταρσού, μαθητής του Αποστόλου Παύλου.
Ιούδας ο Ιακώβου ή Θαδδαίος και Λεββαίος, αδελφός κατά σάρκα του Κυρίου και υιός του Ιωσήφ του Μνήστορος, αδελφός δε γνήσιος του Ιακώβου του Αδελφοθέου.
Ιουνία(ς), πρόκειται μάλλον περί ανδρός Αποστόλου, τον οποίο αναφέρει ο Απόστολος Παύλος στην προς Ρωμαίους επιστολή: «ἀσπάσασθε Ἀνδρόνικον καὶ Ἰουνίαν τοὺς συγγενεῖς μου καὶ συναιχμαλώτους μου, οἵτινές εἰσιν ἐπίσημοι ἐν τοῖς ἀποστόλοις». Δυστυχώς στους Συναξαριστές εθεωρήθηκε ως γυναίκα, ενώ σε πολλούς κώδικες γράφεται ορθώς: «(Ἀνδρόνικος) συνεπόμενον ἔχων καὶ τὸν ὑπερθαύμαστον Ἰουνίαν». Και το δίστιχο μαρτυρεί: «Ἰουνία(ς) τέθνηκε μηνὶ Μαΐῳ, ὃς πρῶτος ἐστὶν εἰσιὼν Ἰουνίου».
Ιούστος ή Ιωσήφ ή Βαρσαββάς ή Ιησούς ή Ιωσής, Επίσκοπος Ελευθερουπόλεως, ο σύμψηφος γενόμενος του Ματθίου, ο αδελφόθεος.
Καίσαρ, Επίσκοπος Κορώνης.
Κάρπος, Επίσκοπος Βερόης ή Βέροιας της Θράκης.
Κήφας.
Κλήμης, Επίσκοπος Σαρδέων ή Σαρδικής.
Κορδάτος, Επίσκοπος Αθηνών. Ετελειώθηκε μαρτυρικά στη Μαγνησία.
Κουάρτος, Επίσκοπος Βηρυτού.
Κρήσκης, Επίσκοπος Καρχηδόνος.
Λίνος, Επίσκοπος Ρώμης μετά τον Απόστολο Πέτρο.
Λουκάς ή Λούκιος, Επίσκοπος της εν Συρία Λαοδικείας, διάφορος του Ευαγγελιστού, «ὃν ὁ μακάριος Παῦλος ἐν τῇ πρὸς Τιμόθεον ἐπιστολῇ μαρτυρεῖ».
Μάρκος, (ο και Ιωάννης), Επίσκοπος Βύβλου της Αντιόχειας, διάφορος του Ευαγγελιστού, «οὐ ὁ Ἀπόστολος Λουκᾶς ἐν ταὶς Πράξεσι μέμνηται».
Μάρκος (έτερος), ανηψιός του Βαρναβά, Επίσκοπος Απολλωνιάδος, διάφορος του Ευαγγελιστού και του προηγούμενου, «οὗ ὁ Ἀπόστολος ἐν ταῖς ἐπιστολαῖς μέμνηται».
Ματθίας, ο διά κλήρου αναπληρώσας Ιούδα τον προδότη και συγκαταριθμηθείς στους Δώδεκα.
Νάρκισσος, Επίσκοπος Αθηνών. Ετελειώθηκε μαρτυρικά.
Νακάνωρ, διάκονος εκ των επτά, τελειωθείς εν τη αυτή ημέρα μετά του Αρχιδιακόνου Σεφάνου.
Νυμφάς, μαθητής του Αποστόλου Παύλου.
Ολυμπάς, ακόλουθος του Αποστόλου Πέτρου στη Ρώμη. Αποκεφαλίσθηκε υπό Νέρωνος μετά του Ροδιώνος.
Ονήσιμος, μαθητής του Αποστόλου Παύλου. Ετελειώθηκε μαρτυρικά στους Ποτίολους.
Ονησιφόρος, Επίσκοπος Κολοφώνος, συνεργός του Αποστόλου Παύλου.
Ουρβανός, Επίσκοπος Μακεδονίας, υπό του Αποστόλου Ανδρέου εγκατασταθείς και υπό των εθνικών αναιρεθείς.
Παρμενάς, Διάκονος εκ των επτά.
Πατρόβας, Επίσκοπος Ποτιόλων.
Πούδης, ακόλουθος του Αποστόλου Παύλου. Υπέστει μαρτυρικό θάνατο επί Νέρωνος.
Πρόχορος, Διάκονος εκ των επτά, Επίσκοπος Νικομήδειας, συνεργός του Ευαγγελιστού Ιωάννου και στη συγγραφή του Ευαγγελίου.
Ρούφος, Επίσκοπος Θηβών της Ελλάδος. Ετελειώθηκε μαρτυρικά.
Σίλας, Επίσκοπος Κορίνθου, συνεργός του Αποστόλου Παύλου
Σιλουανός, Επίσκοπος Θεσσαλονίκης, συνεργός του Αποστόλου Παύλου.
Σιμεών ή Συμεών ή Κλεόπας, ο αδελφόθεος, δεύτερος Επίσκοπος Ιεροσολύμων, υιός Ιωσήφ του Μνήστορος και αδελφός Ιακώβου. Ο Άγιος σταυρώθηκε επί Τραϊανού.
Στάχυς, Επίσκοπος (πρώτος) Βυζαντίου, κατασταθείς υπό Ανδρέου του Πρωτοκλήτου.
Στεφανάς, μαθητής του Αποστόλου Παύλου.
Στέφανος, πρωτομάρτυς και Αρχιδιάκονος. Ετελειώθηκε διά λιθοβολισμού.
Σωσθένης, Επίσκοπος Κολοφώνος.
Σωσίπατρος, Επίσκοπος Ικονίου, μαθητής του Αποστόλου Παύλου.
Τέρτιος, Επίσκοπος Ικονίου, μαθητής του Αποστόλου Παύλου.
Τιμόθεος, Επίσκοπος Εφέσου, μαθητής του Αποστόλου Παύλου, τελειωθείς μαρτυρικά.
Τίμων, διάκονος εκ των επτά, Επίσκοπος Βόστρων, τελειωθείς μαρτυρικά.
Τίτος, Επίσκοπος Γορτύνης της Κρήτης, μαθητής του Αποστόλου Παύλου.
Τρόφιμος, ακόλουθος του Αποστόλου Παύλου. Υπέστη μαρτυρικό θάνατο επί Νέρωνος.
Τυχικός, Επίσκοπος Χαλκηδόνος ή Κολοφώνος, ακόλουθος του Αποστόλου Παύλου.
Φιλήμων, Επίσκοπος Γάζης, μαθητής του Αποστόλου Παύλου, τελειωθείς μαρτυρικά στις Κολοσσές επί Νέρωνος.
Φίλιππος, διάκονος εκ των επτά, εκ Καισαρείας της Παλαιστίνης, ο οποίος εβάπτισε Σίμωνα τον Μάγο και τον Ευνούχο της Κανδάκης.
Φιλόλογος, Επίσκοπος Σινώπης, κατασταθείς υπό Ανδρέου του Πρωτοκλήτου.
Φλέγων, Επίσκοπος Μαραθώνος. Ετελειώθηκε μαρτυρικά.
Φουρτουνάτος, μαθητής του Αποστόλου Παύλου. Ετελειώθηκε μαρτυρικά.","Θείας πίστεως, τῷ ἀμφιβλήστρῳ, ἐζωγρήσατε, ἐθνῶν ἀγέλας, Ἑβδομήκοντα Κυρίου Ἀπόστολοι, πρὸς εὐσεβείας τὴν θείαν ἐπίγνωσιν, ὡς δεδεγμένοι τὴν χάριν τοῦ Πνεύματος. Μύσται ἔνθεοι, Χριστῷ τῷ Θεῷ πρεσβεύσατε, δωρήσασθαι ἡμῖν τὸ μέγα ἔλεος.Ἕτερον Ἀπολυτίκιον",https://maxzyccbxpanounjsbyd.supabase.co/storage/v1/object/public/Agiografies/Synaxi_ton_agion_evdomikonta_agion_apostolon.jpg,Ιανουάριος
15548568-b3e1-4be1-94f3-e82e5c3eda1e,Άγιος Ευθύμιος,3,"Ο Άγιος Ευθύμιος ήταν καθηγητής πανεπιστημίου και σπουδαίος άνθρωπος του πνεύματος από τη ορθόδοξη Γεωργία, με μεγάλη πνευματική και επιστημονική προσφορά (πραγματικός αγωνιστής στην υπηρεσία της επιστήμης, ακόμη και όταν ήταν εξόριστος), ιδιαίτερα στον τομέα των επιστημών της ιστορίας και της εθνογραφίας. Εκτός των άλλων, είναι και ένας από τους ιδρυτές του πανεπιστημίου της Τυφλίδας.

Συγκρούστηκε με το αθεϊστικό καθεστώς της ΕΣΣΔ λόγω της υποστήριξης του αυτοκέφαλου της Εκκλησίας της Γεωργίας και εξορίστηκε στη Γαλλία το 1921 μ.Χ. Εκεί η σύζυγός του Νίνο πέθανε από ασιτία το 1931 μ.Χ., ενώ ο ίδιος έφτασε στο χείλος του θανάτου. Επέστρεψε στην πατρίδα του μετά την ήττα των Ναζί, για να κυνηγηθεί ξανά από το καθεστώς, ενώ του απαγορεύτηκε να διδάσκει στο πανεπιστήμιο.

Κοιμήθηκε στις 21 Φεβρουαρίου του 1953 μ.Χ. σε ηλικία 90 ετών. Δέκα χρόνια μετά, το σώμα του βρέθηκε άφθορο, καθώς και τα ρούχα του.

Στις 17 Οκτωβρίου 2002 μ.Χ. η Ορθόδοξη Εκκλησία της Γεωργίας τον αναγνώρισε ως άγιο με την επωνυμία «ο Άνθρωπος του Θεού».

Εορτάζεται στις 3 Ιανουαρίου, ημέρα της γέννησής του (πράγμα παράξενο, γιατί κατά κανόνα οι άγιοι τιμώνται την ημέρα της κοίμησής τους).",,https://maxzyccbxpanounjsbyd.supabase.co/storage/v1/object/public/Agiografies/Agios_efthimios.jpg,Ιανουάριος
3c21210e-1ac1-4948-a448-8114c9598198," Άγιος Σίλβεστρος, Πάπας Ρώμης.",2,"Με τη Δυτική Εκκλησία έχουμε κοινούς αρκετούς Αγίους, μέχρι το χωρισμό της από την Ανατολική Ορθόδοξη Εκκλησία. Ένας απ' αυτούς είναι και ο Άγιος Σίλβεστρος, Πάπας Ρώμης. Ο Άγιος Σίλβεστρος ήταν γιος του Ρουφίνου, γεννημένος στη Ρώμη και από μικρή ηλικία εισχωρεί στους κόλπους της Εκκλησίας. Σε ηλικία τριάντα χρόνων χειροτονείται από τον Πάπα Μαρκελίνο· γίνεται Πάπας το 314 μ.Χ. και διαδέχεται τον Άγιο Μελχιάδη ή Μιλτιάδη (βλέπε 10 Απριλίου). Ενδιαφέρθηκε και πολέμησε πολύ την αίρεση του Αρείου και θέσπισε τους λειτουργικούς κανόνες για τον καθαγιασμό του μύρου του αγίου χρίσματος. Αλλά μεταξύ των καλύτερων έργων του Πάπα Σιλβέστρου, ξεχωρίζει το έργο της μέριμνας για τη βιοτική συντήρηση των φτωχότερων κληρικών και των μοναχών γυναικών, ώστε οι άνθρωποι αυτοί της πνευματικής διακονίας και προσευχής να μην αποσπώνται από το κυρίως έργο τους. Ο Άγιος Σίλβεστρος έκανε επίσης πολλά θαύματα με αποτέλεσμα να πιστέψουν στο Χριστό πολλοί άνθρωποι μεταξύ των οποίων και ο Μέγας Κωνσταντίνος (βλέπε 21 Μαΐου) τον οποίο χειραγώγησε στην πίστη και εν συνεχεία τον βάπτισε.Με τη συμβουλή του Αγίου Σιλβέστρου, ο Μέγας Κωνσταντίνος ανήγειρε επτά ναούς, για να εορτάζονται οι εορτές του Σωτήρος Χριστού και των Αγίων Μαρτύρων. Απέδειξε ότι ο Ιησούς Χριστός και το έργο του είχαν προκηρυχθεί από το Νόμο της Παλαιάς Διαθήκης και έλαβε μέρος στην Α' Οικουμενική Σύνοδο. Πολέμησε δε ιδιαίτερα τους αιρετικούς Δονατιστές και μεγάλυνε την Εκκλησία με την διδασκαλία των θείων δογμάτων. Ο Άγιος Σίλβεστρος πέθανε ειρηνικά σε βαθιά γεράματα, την 31η Δεκεμβρίου του 335 μ.Χ.","Στολὴν ἐνδυσάμενος, ἱεραρχίας πιστῶς, ἀμέμπτως ἱέρευσας, τῷ ἐπὶ πάντων Θεῶ, Πατὴρ ἡμῶν Σίλβεστρε· ἔχων γὰρ πολιτείᾳ, συνεκλάμποντα λόγον, θαύμασιν ἐβεβαίους, εὐσεβείας τὴν δόξαν, δι’ ἧς οὐρανίου δόξης, ὤφθης συμμέτοχος.",https://maxzyccbxpanounjsbyd.supabase.co/storage/v1/object/public/Agiografies/Agios_Silvestros.jpg,Ιανουάριος
480b1927-7a96-4d55-9fb0-d94f92234e3c,Άγιος Ζώσιμος,19,"Ο Άγιος Ζώσιμος έζησε στην Κιλικία και κατοικούσε στην έρημο. Εκεί τον αναζήτησαν οι ειδωλολάτρες, το έπιασαν και τον οδήγησαν στον άρχοντα Δομετιανό. Ο Άγιος Ζώσιμος ομολόγησε με παρρησία μπροστά στον άρχοντα την πίστη του στον Ιησού Χριστό. Ο άρχοντας τότε διέταξε να υποβάλουν τον Άγιο σε φοβερά βασανιστήρια. Του έκαψαν, λοιπόν, τα αυτιά με πυρακτωμένα σίδερα, τον έριξαν μέσα σε ένα καζάνι γεμάτο βόρβορο που κόχλαζε και τελικά τον κρέμασαν με το κεφάλι προς τα κάτω. Κατά τρόπο όμως θαυμαστό διασώθηκε από όλα αυτά τα βασανιστήρια. Η μανία των ειδωλολατρών δεν σταμάτησε εδώ. Έριξαν τον Άγιο στην αρένα του θεάτρου να τον κατασπαράξουν τα πεινασμένα άγρια θηρία. Εκεί όμως εμφανίστηκε ένα λιοντάρι και με ανθρώπινη φωνή μίλησε για τον Χριστό. Το θαυμαστό αυτό γεγονός είχε ως αποτέλεσμα να προσελκυστεί στη χριστιανική πίστη ο Κομενταρήσιος Αθανάσιος. Αλλά και ο τύραννος, ύστερα από το γεγονός αυτό, άφησε ελεύθερο τον Άγιο. Μετά την απελευθέρωσή του, πήγε στα όρη όπου και διέμενε. Μαζί του πήγε και ο Αθανάσιος, τον οποίο και κατήχησε στη χριστιανική πίστη και στη συνέχεια τον βάπτισε. Εκεί στον έρημο τόπο, που ήταν ο δύο Άγιοι, μια πέτρα σχίστηκε ξαφνικά σε δύο μέρη. Οι Άγιοι αμέσως μπήκαν κάτω από την πέτρα, όπου και παρέδωσαν τις ψυχές τους στον Κύριο.","Ἀπολυτίκιον
Ἦχος δ´. Ταχὺ προκατάλαβε.
Στολαῖς ταῖς ἐξ αἵματος ὠραϊζόμενος, Κυρίῳ παρίστασαι τῷ Βασιλεῖ οὐρανῶν, ἀοίδιμε Ζώσιμε· ὅθεν σὺν ἀσωμάτων καὶ μαρτύρων χορείαις, ᾄδεις τῇ τρισαγίῳ καὶ φρικτὴ μελωδία· διὸ ταῖς ἱκεσίαις ταῖς σαῖς σῷζε τοὺς δούλους σου.

Κοντάκιον
Ἦχος β´. Τὰ ἄνω ζητῶν.
Τῆς πλάνης τεμῶν τὸ κράτος τῇ ἐνστάσει σου καὶ νίκης λαβὼν τὸ στέφος τῇ ἀθλήσει σου, τοῖς Ἀγγέλοις ἔνδοξε, συναγάλλει Ζώσιμε πολύαθλε, σὺν αὐτοῖς Χριστῷ τῷ Θεῷ, πρεσβεύων ἀπαύστως...
Περισσότερα (+)

",https://maxzyccbxpanounjsbyd.supabase.co/storage/v1/object/public/Agiografies/Agios_zosimos.jpg,Ιούνιος
4af0d420-85b6-4e33-8efd-24fc1d783756,Άγιος Γόρδιος,3,"Ο Άγιος Γόρδιος καταγόταν από την Καισαρεία της Καππαδοκίας και ήταν διακεκριμένος αξιωματικός του στρατού του αυτοκράτορα της Ανατολής Λικινίου, ο οποίος το 314 ήλθε σε πόλεμο μετά του Μέγα Κωνσταντίνου. Και επειδή ο Κωνσταντίνος έδειχνε φανερή συμπάθειά προς τους Χριστιανούς, ο Λικίνιος αποφάσισε να περιποιηθεί τους ειδωλολάτρες με την προοπτική να τους κινήσει κάποια μέρα εναντίον του αντιπάλου του. Γι' αυτό, έδιωξε από την Αυλή και το στρατό, όλους τους χριστιανούς και διέταξε να κλείσουν και να γκρεμισθούν πολλές εκκλησίες. Επέβαλε μάλιστα, αυστηρές ποινές σ' όλους όσους αντιστέκονταν. Τότε λοιπόν απομακρύνθηκε και ο Γόρδιος από το στρατό. Αποσύρθηκε σ' ένα όρος, όπου περνούσε τον καιρό του με προσευχή, μελέτη και σωματική εργασία. Αλλά οι πληροφορίες που έπαιρνε ήταν, ότι ο Λικίνιος επέμενε στις σκληρές διώξεις κατά των χριστιανών. Κατέβηκε λοιπόν μια νύχτα με την απόφαση να φωνάξει εναντίον της αδικίας και υπέρ του Χριστού. Να στιγματίσει τη διαγωγή του αυτοκράτορα, ο οποίος έκανε τόσο ανίερη κατάχρηση της εξουσίας του εναντίον όχι μόνο της αλήθειας, αλλά και του ιερότατου δικαιώματος της θρησκευτικής ελευθερίας. Έτσι λοιπόν, κάποια μέρα που όλοι οι επίσημοι ήταν μαζεμένοι στο θέατρο, ο Γόρδιος έκανε πράξη όλα τα παραπάνω, με αποτέλεσμα να αποκεφαλισθεί επί τόπου. Ήταν το έτος 320 μ.Χ.","Ἀπολυτίκιον Ἦχος δ’. Ταχὺ προκατάλαβε. Τῷ ζήλῳ τῆς πίστεως, πυρποληθεὶς τὴν ψυχήν, αὐτόκλητος ὥρμησας, ἐν τῷ σταδίῳ σοφέ, καὶ χαίρων ἠγώνισαι· ὅθεν τοῖς ἐξ αὐχένος, ὀχετοῖς τῶν αἱμάτων, ἔσβεσας Ἀθλοφόρε, τῆς κακίας τὴν φλόγα· διό σε ὁ Ζωοδότης, Γόρδιε ἐδόξασε. Κοντάκιον Ἦχος πλ. δ. Ὡς ἀπαρχὰς τῆς φύσεως. Οἱ σοὶ ἱδρῶτες ἔνδοξε, τὴν πᾶσαν γῆν κατήρδευσαν, καὶ τοῖς τιμίοις σου αἵμασι Γόρδιε, τὸν κόσμον ἅπαντα εὔφρανας· ταῖς εὐχαῖς σου θεόφρον, σῶσον πάντας τοὺς πίστει σε ἀναμέλποντας, καὶ τιμῶντας ἀξίως, πανεύφημε ὡς πολύαθλον. Μεγαλυνάριον Ἔλιπες στρατείαν τὴν ὑλικήν, καὶ τῇ οὐρανίῳ, πανοπλίᾳ ὀχυρωθεὶς, τὰς ἀντικειμένας, καθεῖλες παρατάξεις, ὡς τοῦ Χριστοῦ ὁπλίτης, ἔνδοξε Γόρδιε.",https://maxzyccbxpanounjsbyd.supabase.co/storage/v1/object/public/Agiografies/Agios_Gordios.jpg,Ιανουάριος
5507e809-873b-4d5c-923a-1cfbc78c9ce0,Προφήτης Μαλαχίας,3,"Ο Προφήτης Μαλαχίας ήταν ένας από τους 12 μικρούς λεγόμενους προφήτες. Γεννήθηκε από τη φυλή του Λευΐ, εν Σοφαίς κατά τους χρόνους που επέστρεψαν οι Εβραίοι στην Ιερουσαλήμ από την αιχμαλωσία της Βαβυλώνας. Έζησε περί τον 5ο π.Χ. αιώνα, κατά τους χρόνους του Νεεμία και εργάστηκε στην Ιερουσαλήμ μετά τον Προφήτη Αγγαίο και τον Ζαχαρία. Πήρε το όνομα Μαλαχίας - που ελληνικά σημαίνει άγγελος για τρεις λόγους:
Πρώτον, διότι, όσα προφήτευε, αμέσως τα επιβεβαίωνε στο λαό θείος άγγελος. Και το παράδοξο ήταν ότι τον άγγελο δεν τον έβλεπαν οι ανάξιοι, αλλά μόνο οι άξιοι, τη φωνή του όμως, την άκουγαν και οι άξιοι και οι ανάξιοι.
Ο δεύτερος λόγος γι' αυτή του την ονομασία ήταν ότι ή όλη σωματική του εμφάνιση είχε τέλεια αρμονία και μεγαλοπρέπεια.
Ο τρίτος λόγος και σπουδαιότερος ήταν ότι, από νέος ακόμα, έκανε ζωή ενάρετη και ηθικά άμεμπτη.

Αυτό το απέδειξε, όταν βρέθηκε στη θέση να ελέγξει και πραγματικά, ήλεγξε με σφοδρότητα τον ίδιο του το λαό και τους Ιερείς ακόμα του Ισραήλ, για τις ανομίες και τις ασέβειές τους. Ο Θεός αξίωσε τον προφήτη Μαλαχία να προφητεύσει και τον ερχομό του Προδρόμου του Κυρίου μας Ιησού Χριστού, για την προπαρασκευή του έργου Του. Έτσι, η ζωή του προφήτη μας δείχνει, πως κάποιος μπορεί να γίνει επίγειος άγγελος, με τη χάρη του Θεού. Ο προφήτης Μαλαχίας πέθανε ειρηνικά, σχετικά νέος και τάφηκε στο τόπο των πατέρων του.","Ἀπολυτίκιον
Ἦχος πλ. α’. Τὸν συνάναρχον Λόγον.
Ἀγγελώνυμον κλῆσιν πλουτήσας ἔνδοξε, ἀγγελομίμητον βίον ἐπολιτεύσω ἐν γῇ, Μαλαχία Προφητῶν τὸ ἀκροθίνιον· ὅθεν Ἀγγέλους ἐαχηκώς, συλλαλοῦντας νοερῶς, ἐπλήσθης ἀΰλου δόξης, καὶ τῶν μελλόντων τὴν γνῶσιν, διατυποῖς πρὸς φωτισμὸν ἡμῶν.
 
Κοντάκιον
Ἦχος γ’. Ἡ Παρθένος σήμερον.
Τῆς σοφίας ἔμπλεως, τῆς ὑπερσόφου καὶ θείας, Μαλαχία μέγιστε, σὺ πεφυκὼς ὡς Προφήτης, ἄνωθεν, αὐτὸν τὸν ὄντα Θεοῦ σοφίαν, ἔδειξας, τοῖς πᾶσι κάτω ἀναστραφέντα· διὰ τοῦτό σε τιμῶμεν, τελοῦντες πίστει τὴν θείαν μνήμην σου.
 
Μεγαλυνάριον
Θείας ἐμφανείας ἀγγελικῆς, κατηξιωμένος, ὡς τῷ βίῳ διαπρεπής, ὤφθης προσημάντωρ, τῶν ἱερῶν κριμάτων, Προφῆτα Μαλαχία, Ἀγγέλων σύσκηνε.",https://maxzyccbxpanounjsbyd.supabase.co/storage/v1/object/public/Agiografies/Profhths_Malaxias.jpg,Ιανουάριος
56734de8-9191-43f7-a834-44ea2ce3e0b6,Άγιος Νικηφόρος Ο λεπρός,4,"Ο πατήρ Νικηφόρος (κατά κόσμο Νικόλαος Τζανακάκης) γεννήθηκε σ’ ένα ορεινό χωριό των Χανίων, στο Σηρικάρι, καστανοχώρι στα δυτικά του Νομού με υγιεινό κλίμα, με όμορφα δάση, πλούσια νερά, φαράγγια και σπήλαια. Το χωριό αυτό έχει μια ιδιομορφία που δεν την συναντούμε συχνά: είναι χωρισμένο σε ένδεκα γειτονιές, οι οποίες πήραν και το όνομα τους από τις οικογένειες που πρωτοκατοίκησαν εκεί. Έτσι ο Άγιος μας γεννήθηκε στην γειτονιά των Κωστογιάννηδων. Οι γονείς του ήταν απλοί και ευλαβείς χωρικοί, οι οποίοι ενώ ακόμη ήταν μικρό παιδί πέθαναν και τον άφησαν ορφανό. Έτσι, σε ηλικία 13 ετών, έφυγε από το σπίτι του. Ο παππούς του που είχε αναλάβει να τον μεγαλώσει τον πήγε στα Χανιά να εργαστεί εκεί σ’ ένα κουρείο για να μάθει την δουλειά. Τότε εμφάνισε και τα πρώτα σημεία της νόσου του Χάνσεν δηλ. την λέπρα. Εκείνη την εποχή, τους λεπρούς τους απομόνωναν στο νησί Σπιναλόγκα, διότι η λέπρα ως μεταδοτική αρρώστια αντιμετωπίζονταν με φόβο και αποτροπιασμό.

Ο Νικόλαος όταν έγινε 16 ετών και όταν τα σημάδια της νόσου άρχισαν να γίνονται πιο εμφανή, για να αποφύγει τον εγκλεισμό του στην Σπιναλόγκα έφυγε με κάποιο καράβι για την Αίγυπτο. Εκεί έμενε εργαζόμενος στην Αλεξάνδρεια, πάλι σ’ ένα κουρείο, όμως τα σημάδια της νόσου γίνονταν όλο και πιο εμφανή, ιδίως στα χέρια και στο πρόσωπο. Γι’ αυτό με την μεσολάβηση ενός κληρικού κατέφυγε στην Χίο, όπου υπήρχε τότε ένα λεπροκομείο, στο όποιο ήταν ιερεύς ο πατήρ Άνθιμος Βαγιανός, ο μετέπειτα Άγιος Άνθιμος (βλέπε 15 Φεβρουαρίου).

Ο Νικόλαος έφτασε στη Χίο το 1914 μ.Χ. σε ηλικία 24 ετών. Στο λεπροκομείο της Χίου, που ήταν ένα συγκρότημα με πολλά ομοιόμορφα σπιτάκια, υπήρχε το εκκλησάκι του Άγιου Λαζάρου, όπου φυλάσσονταν η θαυματουργός εικόνα της Παναγίας της Υπακοής. Σ’ αυτόν τον χώρο άνοιξε το στάδιο των αρετών για τον Νικόλαο. Μέσα σε 2 χρόνια ο Άγιος Άνθιμος τον έκρινε έτοιμο για το αγγελικό σχήμα και τον έκειρε μοναχό με το όνομα Νικηφόρο. Η νόσος προχωρούσε και εξελίσσονταν και ελλείψει καταλλήλων φαρμάκων, επέφερε πολλές και μεγάλες αλλοιώσεις (το φάρμακο βρέθηκε αργότερα το 1947 μ.Χ.).

Ο π. Νικηφόρος ζούσε με αδιάκριτη, γνήσια υπακοή, με νηστεία αυστηρή, εργαζόμενος στους κήπους. Μάλιστα κατέγραψε σε ένα κατάλογο και τα θαύματα του Άγιου Ανθίμου, τα όποια είχε δει «ιδίοις όμασιν» (πολλά αφορούσαν θεραπείες δαιμονιζόμενων).

Υπήρχε μια ιδιαίτερη πνευματική σχέση του Άγιου Άνθιμου με τον μοναχό Νικηφόρο, ο οποίος «ουδέ εν βήμα εμάκρυνεν απ’ αυτού», όπως αναφέρει ο πατήρ Θεόκλητος Διονυσιάτης στο βιβλίο του «Ο Άγιος Άνθιμος της Χίου». Ο π. Νικηφόρος προσευχόταν τη νύχτα ώρες ατελείωτες, κάνοντας μετάνοιες αμέτρητες, δεν είχε λογοφέρει με κανένα ούτε χάλασε την καρδιά κάποιου κι ήταν ο κύριος ψάλτης του ναού. Εξ αιτίας της ασθενείας του όμως, σιγά-σιγά έχασε το φως του κι έτσι έψαλλε τα περισσότερα τροπάρια και απήγγειλε τους Αποστόλους από στήθους.

Το 1957 μ.Χ. έκλεισε το Λωβοκομείο της Χίου και τους εναπομείναντες ασθενείς μαζί με τον πατέρα Νικηφόρο τους έστειλαν στον Αντιλεπρικό Σταθμό Αγίας Βαρβάρας Αθηνών, στο Αιγάλεω. Την εποχή εκείνη ο πατήρ Νικηφόρος ήταν περίπου 67 ετών. Τα μέλη του και τα μάτια του είχαν τελείως αλλοιωθεί και παραμορφωθεί από την νόσο.
Εκεί, στον αντιλεπρικό σταθμό ζούσε και ο πατήρ Ευμένιος, ο οποίος είχε κι αυτός προσβληθεί από την νόσο του Χάνσεν, αλλά με την επιτυχή φαρμακευτική αγωγή θεραπεύτηκε τελείως. Απεφάσισε όμως να μείνει όλο το υπόλοιπο της ζωής του μέσα στον αντιλεπρικό σταθμό κοντά στους συνασθενείς του, τους οποίους φρόντιζε με πολλή αγάπη. Έτσι έγινε και υποτακτικός στον πατέρα Νικηφόρο, στον οποίο ως ανταμοιβή της υπομονής του ο Κύριος του είχε δώσει πολλά χαρίσματα. Πλήθος κόσμου συνέρρεε στο ταπεινό κελλάκι του λεπρού μοναχού Νικηφόρου, στην Αγία Βαρβάρα του Αιγάλεω, για να πάρει την ευχή του. Παραθέτομε μερικές μαρτυρίες όσων τον γνώρισαν:

«Ενώ ο ίδιος του ήταν κατάκοιτος, με πληγές και πόνους, δεν γόγγυζε αλλά έδειχνε μεγάλη καρτερία». «Είχε το χάρισμα της παρηγοριάς των θλιβομένων. Τα μάτια του ήταν μονίμως ερεθισμένα, η όραση του ελαχίστη, είχε αγκυλώσεις στα χέρια και παράλυση στα κάτω άκρα. Παρ’ όλα αυτά ήταν γλυκύτατος, μειλίχιος, χαμογελαστός, διηγείτο χαριτωμένα περιστατικά, ήταν ευχάριστος, αξιαγάπητος». «Το πρόσωπο του, που ήταν φαγωμένο από τα στίγματα της ασθένειας, και τις πληγές, έλαμπε κι έπαιρναν χαρά όσοι τον έβλεπαν αυτόν τον πάμπτωχο και φαινομενικά ασθενή άνθρωπο που έλεγε: Ας είναι δοξασμένο το άγιο Όνομα Του».

Σε ηλικία 74 ετών, στις 4 Ιανουαρίου του 1964 μ.Χ., κοιμήθηκε ο πατήρ Νικηφόρος. Μετά την εκταφή, τα άγια του λείψανα ευωδίαζαν. Ο πατήρ Ευμένιος, και άλλοι πιστοί ανέφεραν πολλές περιπτώσεις, όπου έγιναν θαύματα με την επίκληση των πρεσβειών προς τον Θεό, του πατρός Νικηφόρου. Λαμπρό παράδειγμα και πρότυπο για όλους μας ο βίος του Οσίου Νικηφόρου, ήταν ευάρεστος στο Θεό διότι υπέμεινε πολλά. Για το λόγο αυτό και έχουμε πολλές μαρτυρίες: ότι ο Άγιος μας είχε δεχθεί από το Πανάγιο Πνεύμα το χάρισμα της διορατικότητας καθώς και πλήθος άλλων χαρισμάτων. Χρειάζεται επίσης να σημειώσομε ότι πλείστα είναι τα θαύματα που είναι καταγραμμένα καθώς μέχρι και σήμερα ο άγιος δίδει απλόχερα βοήθεια σε όποιον έχει ανάγκη. Σίγουρα θα υπάρχουν και άλλα πολλά θαυμαστά που δεν θα έχουν έρθει στην επιφάνεια.

«Παιδιά μου, προσεύχεσθε; και πώς προσεύχεσθε; ...με την ευχή του Ιησού να προσεύχεσθε, με το ΚΥΡΙΕ ΙΗΣΟΥ ΧΡΙΣΤΕ, ΕΛΕΗΣΟΝ ΜΕ. Έτσι να προσεύχεσθε. Έτσι είναι καλά» (πατήρ Νικηφόρος).","Νικηφόρου Ὁσίου, τοῦ λεπροῦ τὰ παλαίσματα, καὶ τὴν ἐν ἀσκήσει ἀνδρείαν, κατεπλάγησαν Ἄγγελοι ὡς ἄλλος γὰρ Ἰὼβ τὰ ἀλγεινά, ὑπέμεινε δοξάζων τὸν Θεόν, νῦν δὲ δόξῃ ἐστεφάνωται παρ᾽ Αὐτοῦ, θαυμάτων διακρίσεσιν. Χαίροις τῶν Μοναστῶν χειραγωγέ, χαίροις φωτὸς ὁ πρόβολος· χαίροις ὁ εὐωδίας χαρμονήν, προχέων ἐκ λειψάνων σου.",https://maxzyccbxpanounjsbyd.supabase.co/storage/v1/object/public/Agiografies/Agios_nikiforos_o_lepros.jpg,Ιανουάριος
63a29292-7d28-4127-bf2c-7a33462164b5,Άγιος Πολύκαρπος,23,"Ο Άγιος Πολύκαρπος γεννήθηκε περί το 80 μ.Χ. από ευσεβείς και φιλόθεους γονείς, τον Παγκράτιο και τη Θεοδώρα, που είχαν εγκλειστεί στη φυλακή για την πίστη του Χριστού, και βαπτίσθηκε Χριστιανός σε νεαρή ηλικία. Υπήρξε μαζί με τον Άγιο Ιγνάτιο τον Θεοφόρο (βλέπε 20 Δεκεμβρίου) μαθητής του Ευαγγελιστή Ιωάννη. Λίγο πριν αναχωρήσει από τον πρόσκαιρο αυτό βίο ο Άγιος Βουκόλος, Επίσκοπος Σμύρνης (βλέπε 6 Φεβρουαρίου), χειροτόνησε μετά των Αγίων Αποστόλων, ως διάδοχό του, τον Άγιο Πολύκαρπο και μετά κοιμήθηκε με ειρήνη.

Ο Άγιος παρακολούθησε με αγωνία και προσευχή τη σύλληψη του Αγίου Ιγνατίου του Θεοφόρου, Επισκόπου Αντιοχείας και τα μαρτύρια αυτού. Η αγάπη του προς τον θεοφόρο Πατέρα μαρτυρείται και από την Επιστολή την οποία έγραψε προς τους Φιλιππησίους. Σε αυτή την επιστολή τους συγχαίρει για την φιλοξενία, την οποία παρείχαν στον Άγιο Ιγνάτιο, όταν αυτός διήλθε από την πόλη τους. Το κείμενο αυτό του Αγίου Πολυκάρπου διακρίνεται για τον αποστολικό, θεολογικό και ποιμαντικό χαρακτήρα του.

Ο Άγιος Πολύκαρπος, διακρινόταν για την σωφροσύνη, τη θεολογική κατάρτιση και την αφοσίωση στη διδασκαλία του Ευαγγελίου, καθώς μιλούσε πάντα σύμφωνα με τις Γραφές. Ήταν ο γνησιότατος εκπρόσωπος της αποστολικής διδασκαλίας σε όλες τις Εκκλησίες της Ασίας. Ο Άγιος Ειρηναίος (βλέπε 23 Αυγούστου) παρέχει την πληροφορία ότι ο Άγιος Πολύκαρπος μετέστρεψε πολλούς από τις αιρέσεις του Βαλεντίνου και του Μαρκίωνος στην Εκκλησία του Θεού. Διηγείται μάλιστα και ένα επεισόδιο αναφερόμενο στη στάση του Αγίου Πολυκάρπου έναντι του Μαρκίωνος. Όταν ο αιρεσιάρχης αυτός τον πλησίασε κάποτε και του απηύθυνε την παράκληση: «ἐπεγίνωσκε ἠμᾶς», δηλαδή αναγνώρισέ μας, ο Άγιος απάντησε: «ἐπιγινώσκω, ἐπιγινώσκω σὲ τὸν πρωτότοκον τοῦ Σατανᾶ».

Ένα άλλο επεισόδιο ανάγεται στη γεροντική ηλικία του Αγίου Πολυκάρπου. Όπως είναι γνωστό, οι Εκκλησίες της Μικράς Ασίας εόρταζαν το Πάσχα στις 14 του μηνός Νισσάν, σε οποιαδήποτε ημέρα και αν τύχαινε αυτό. Αντίθετα οι άλλες Εκκλησίες δεν εόρταζαν καθόλου το Πάσχα, αλλά αρκούνταν στον εβδομαδιαίο κατά Κυριακή εορτασμό της Αναστάσεως, τονίζοντας ασφαλώς περισσότερο τον εορτασμό της πρώτης Κυριακής μετά την πανσέληνο της εαρινής ισημερίας. Επειδή λόγω της διαφοράς αυτής η Εκκλησία της Ρώμης τηρούσε αυστηρή στάση έναντι των Μικρασιατών, ο Άγιος Πολύκαρπος αναγκάσθηκε να μεταβεί στη Ρώμη, για να διευθετήσει το ζήτημα και άλλα δευτερεύοντα θέματα, με τον Επίσκοπο Ρώμης Ανίκητο (βλέπε 17 Απριλίου).
Μετά την επιστροφή του από την Ρώμη, υπέργηρος πλέον, συνέχισε την αποστολική δράση του με τόση επιτυχία, ώστε προκάλεσε την οργή των ειδωλολατρών. Αυτή η προδιάθεση ήταν φυσικό να προκαλέσει το μαρτύριό του, που ακολούθησε την εξής πορεία. Ο Κόιντος, ζηλωτής Χριστιανός, ο οποίος ήλθε στη Σμύρνη από τη Φρυγία, παρακίνησε ομάδα Φιλαδελφέων Χριστιανών να προσέλθουν στον ανθύπατο Στάτιο Κοδράτο, για να δηλώσουν σε αυτόν την ιδιότητά τους και την πίστη τους στον Χριστό, πράγμα το οποίο φυσικά προοιώνιζε θάνατο. Τελικά μαρτύρησαν όλοι, εκτός από τον Κόιντο, ο οποίος δειλιάσας την τελευταία στιγμή, θυσίασε στα είδωλα. Ο όχλος, αν και θαύμασε την γενναιότητα των Μαρτύρων, απαιτούσε να εκτελεσθούν οι «άθεοι» και να αναζητηθεί ο Άγιος Πολύκαρπος, ο οποίος πιεζόμενος από τους Χριστιανούς είχε αναχωρήσει σε κάποιο αγρόκτημα. Τελικά ο Άγιος συνελήφθη το έτος 167 μ.Χ. και οδηγήθηκε ενώπιον του ανθυπάτου.

Ο γηραιός Επίσκοπος δεν ταράχθηκε. Το πρόσωπό του ήταν γαλήνιο και λαμπερό. Ο αστυνόμος Ηρώδης και ο πατέρας του Νικήτας προσπάθησαν να πείσουν τον Άγιο να αρνηθεί τον Χριστό. Ο Άγιος όμως, με πνευματική ανδρεία απάντησε ότι υπηρετεί τον Χριστό επί 86 έτη χωρίς καθόλου να Τον εγκαταλείψει. Πως μπορούσε λοιπόν τώρα να Τον βλασφημήσει και να Τον αρνηθεί; Ο ανθύπατος τότε διέταξε να τον ρίξουν στην φωτιά. Ο Γέρων Πολύκαρπος αποδύθηκε μόνος τα ιμάτιά του και περίμενε προσευχόμενος λέγοντας: «Κύριε, ὁ Θεὸς ὁ Παντοκράτωρ, ὁ τοῦ ἀγαπητοῦ καὶ εὐλογητοῦ παιδός Σου Ἰησοῦ Χριστοῦ Πατήρ, δι’ Οὐ τὴν περὶ Σοῦ ἐπίγνωσιν εἰλήφαμεν, ὁ Θεὸς τῶν ἀγγέλων καὶ δυνάμεων, καὶ πάσης τῆς κτίσεως, καὶ παντὸς τοῦ γένους τῶν δικαίων, οἱ ζώσιν ἐνώπιόν Σου, εὐλογῶ Σε, ὅτι ἠξίωσας μὲ ἧς ἡμέρας καὶ ὥρας ταύτης τοῦ λαβεῖν μὲ μέρος ἐν ἀριθμῷ τῶν μαρτύρων Σου, ἐν τῷ ποτηρίῳ τοῦ Χριστοῦ Σου, εἰς ἀνάστασιν ζωῆς αἰωνίου, ψυχῆς τε καὶ σώματος, ἐν ἀφθαρσίᾳ Πνεύματος Ἁγίου, ἐν οἲς προσδεχθείην ἐνώπιόν Σου σήμερον ἐν θυσίᾳ πίονι καὶ προσδεκτή, καθὼς προητοίμασας καὶ προσεφανέρωσας καὶ ἐπλήρωσας ὁ ἀφευδὴς καὶ ἀληθινὸς Θεός. Διὰ τοῦτο καὶ περὶ πάντων αἰνῶ Σε, εὐλογῶ Σε, δοξάζω Σε, σὺν τῷ αἰωνίῳ καὶ ἐπουρανίω Ἰησοῦ Χριστό....».

Η φωτιά σχημάτισε γύρω από το σώμα του Αγίου Πολυκάρπου καμάρα χωρίς να τον αγγίζει. Τότε στρατιώτης εκτελεστής τελείωσε τον Άγιο Μάρτυρα διά του ξίφους. Έπειτα το Ιερό λείψανο ρίφθηκε στην φωτιά, οι δε πιστοί συνέλεξαν τα ιερά λείψανα αυτού.

Η Σύναξη του Αγίου Πολυκάρπου ετελείτο στη Μεγάλη Εκκλησία.","Τήν κλῆσιν τοῖς ἔργοις σου, ἐπισφραγίσας σοφέ, ἐλαία κατάκαρπος, ὤφθης ἐν οἴκῳ Θεοῦ, Πολύκαρπε ἔνδοξε· σύ γάρ ὡς Ἱεράρχης, καί στερρός Ἀθλοφόρος, τρέφεις τήν Ἐκκλησίαν, λογικῇ εὐκαρπίᾳ, πρεσβεύων Ἱερομάρτυς, ὑπέρ τῶν ψυχῶν ἡμῶν.",https://maxzyccbxpanounjsbyd.supabase.co/storage/v1/object/public/Agiografies/Agios_polikarpos.png,Φεβρουάριος
7b255611-5d60-49fc-a2da-016f7febc183,Όσιος Γρηγόριος ο εν Ακρίτα,5,"Ο Όσιος Γρηγόριος γεννήθηκε στην Κρήτη το 755 μ.Χ. Οι ευσεβείς γονείς του ονομάζονταν Θεοφάνης και Ιουλιανή. Ήταν και οι δύο γονείς του πολύ ευσεβείς άνθρωποι. Σε ηλικία 26 ετών ο νεαρός Γρηγόριος, με την άδεια των γονέων του, πήγε στην Παλαιστίνη, φλεγόμενος από τον πόθο να προσκυνήσει τους αγίους τόπους και να ζήσει μερικά χρόνια εκεί όπου γεννιέται συγκινητική η ενθύμηση του Σωτήρα Χριστού. Από την αγία πόλη, αποφάσισε μετά από καιρό να πάει στη Ρώμη, επί πατριαρχίας Νικηφόρου Α' και αυτοκράτορα Κωνσταντινούπολης τον Μιχαήλ Ραγκαβέ (811). Εκεί εκάρη μοναχός. Ύστερα από λίγο, ο Μητροπολίτης Συνάδων Μιχαήλ ο Ομολογητής, έπεισε τον Γρηγόριο να έλθει μαζί του στην Κωνσταντινούπολη. Εκεί τον ενέγραψε στη Μονή του Ακρίτα. (Η Μονή του Ακρίτα βρισκόταν στον Αστακηνό κόλπο της Βιθυνίας στο ομώνυμο ακρωτήριο). Εδώ, χρησιμοποιούμενος και σε εσωτερική αποστολή της Μητρόπολης τελείωσε τη ζωή του, τύπος και υπογραμμός θερμής πίστης, καθαρής και ειρηνικής ζωής και αγάπης το έτος 820 μ.Χ.","Βίου λαμπρότητι καλλωπιζόμενος, σκεύος πολύτιμον της θείας Χάριτος και καί αρετών υπογραμμός εδείχθης δι' εγκρατείας, Όσιε Γρηγόριε, Κρήτης άγιον βλάστημα, της Ακρίτα Μάνδρας δε ιερόν εγκαλώπισμα. Και νυν μη διαλίπης πρεσβεύων, Πάτερ, υπέρ των σε τιμώντων",https://maxzyccbxpanounjsbyd.supabase.co/storage/v1/object/public/Agiografies/agios_Grigorios_en_akrita.jpg,Ιανουάριος
7bb659f4-d7f4-48ad-82cc-5b48d0963002," Όσιος Σεραφείμ",2,"Ο Όσιος Σεραφείμ γεννήθηκε στο Κουρσκ της Ρωσίας στις 19 Ιουλίου 1759 μ.Χ. και ονομάσθηκε Πρόχορος. Οι γονείς του, Ισίδωρος και Αγάθη Μοσνίν, ήταν ευκατάστατοι έμποροι. Ο πατέρας του είχε εργοστάσια πλινθοποιίας και παράλληλα αναλάμβανε την ανέγερση πέτρινων οικοδομημάτων, ναών και σπιτιών. Κάποτε άρχισε να χτίζει στο Κουρσκ ένα ναό προς τιμήν του Οσίου Σεργίου του Ραντονέζ, του Θαυματουργού, αλλά ξαφνικά το 1762 μ.Χ., πεθαίνει, αφήνοντας στην σύζυγό του τη μέριμνα για την ολοκλήρωση του ναού. Ο Πρόχορος κληρονόμησε τις αρετές των γονέων του και ιδίως την ευσέβειά τους.

Σε ηλικία δέκα ετών άρχισε να μαθαίνει με ζήλο τα ιερά γράμματα, αλλά αρρώστησε ξαφνικά βαριά χωρίς ελπίδα αναρρώσεως. Στην κρισιμότερη καμπή της ασθένειας είδε στον ύπνο του την Παναγία, η οποία υποσχέθηκε ότι θα τον επισκεφθεί και θα τον θεραπεύσει. Πράγματι, έτυχε μια μέρα να γίνεται λιτανεία και να περνά έξω από την οικία του μικρού άρρωστου παιδιού, η θαυματουργή εικόνα της Θεοτόκου. Τη στιγμή εκείνη έπιασε δυνατή βροχή. Η λιτανεία σταμάτησε και η εικόνα μεταφέρθηκε στην αυλή της οικίας του Προχόρου, μέχρι να περάσει η μπόρα. Τότε η μητέρα του Αγάθη, κατέβασε το άρρωστο παιδί της και το πέρασε κάτω από την εικόνα. Από την ημέρα εκείνη η υγεία του βελτιώθηκε μέχρι που αποκαταστάθηκε τελείως.

Νέος εγκαταλείπει το πατρικό του σπίτι, στην πόλη Κουρσκ, και έρχεται να μονάσει στη μονή του Σάρωφ. Η δοκιμασία του προκειμένου να γίνει Μοναχός διαρκεί οκτώ χρόνια. Στις 13 Αυγούστου του 1786 μ.Χ. κείρεται Μοναχός με το όνομα Σεραφείμ. Σε δύο μήνες χειροτονείται Διάκονος.

Περιφρουρούμενος με το ταπεινό φρόνημα ο Διάκονος Σεραφείμ, ανέρχεται στην Πνευματική ζωή «ἐκ δυνάμεως εἰς δύναμιν». Ως Διάκονος παραμένει όλη την ημέρα στο Μοναστήρι, διακονεί στις Ακολουθίες, τηρεί με ακρίβεια τους μοναστηριακούς κανονισμούς και εκτελεί τα διακονήματά του. Το βράδυ όμως απομακρύνεται στο δάσος, στο ερημικό του κελί, όπου διέρχεται τις νυκτερινές ώρες με προσευχή, και πολύ πρωί επιστρέφει πάλι στο μοναστήρι.
Στις 2 Σεπτεμβρίου 1793 μ.Χ. χειροτονείται Ιερεύς και αποδύεται με μεγαλύτερο ζήλο και αγάπη στον Πνευματικό αγώνα. Τώρα πλέον δεν τον ικανοποιεί ο βαρύς για τους άλλους μόχθος της κοινοβιακής ζωής, δηλαδή η κοινή προσευχή, η νηστεία, η υπακοή, η ακτημοσύνη. Μέσα του φουντώνει η δίψα για πιο υψηλές Πνευματικές ασκήσεις. Εγκαταλείπει λοιπόν, με την ευλογία του Ηγουμένου, τη Μονή και αποσύρεται μέσα στο πυκνό δάσος του Σάρωφ. Περνά εκεί δεκαπέντε χρόνια σε τέλεια απομόνωση, με αυστηρή νηστεία, αδιάλειπτη προσευχή, μελέτη του Θείου Λόγου και σωματικούς κόπους. Για χίλιες ημέρες και χίλιες νύκτες μιμείται του παλιούς στυλίτες της Εκκλησίας. Ανεβασμένος σε μία πέτρα και με τα χέρια υψωμένα στον ουρανό, προσεύχεται: «Ὁ Θεὸς ἰλάσθητι μοὶ τῷ ἁμαρτωλῷ».

Τελειώνοντας την αναχωρητική ζωή επανέρχεται στη Μονή του Σάρωφ και κλείνεται σαν σε μνήμα στην απομόνωση για άλλα δεκαπέντε χρόνια. Για τα πρώτα πέντε βάζει τον εαυτό του στον κανόνα της σιωπής. Με την αδιάλειπτη προσευχή φωτίζει ολόκληρος από την Θεία Χάρη και αξιώνεται να ζήσει Πνευματικές αναβάσεις και αν δει θεϊκά οράματα. Μετά τον εγκλεισμό, ώριμος πλέον στην Πνευματική ζωή και γέροντας στην ηλικία, αφιερώνεται στη διακονία του πλησίον, του ελάχιστου αδελφού. Με την αυστηρή ασκητική ζωή του και την φωτεινή μορφή του είχε προσελκύσει γύρω του πλήθος Χριστιανών, που τον αγαπούσαν και πίστευαν ακράδαντα στην θαυματουργική δύναμη των αγίων του προσευχών. Πλούσιοι και φτωχοί, διάσημοι και άσημοι συνέρρεαν καθημερινά στο κελί του, για να λάβουν την ευλογία του και την Πνευματική καθοδήγηση για τη ζωή τους. Τους δεχόταν όλους με αγάπη και όταν έβλεπε τα πρόσωπά τους αναφωνούσε: «Χαρά μου!».     Εξομολογούσε πολλούς, θεράπευε ασθενείς, ενώ σε άλλους έδιδε να ασπασθούν τον σταυρό που είχε κρεμασμένο στο στήθος του ή την εικόνα που είχε στο τραπέζι του κελιού του. Σε πολλούς πρόσφερε ως ευλογία αντίδωρο, αγίασμα ή παξιμάδια, άλλους τους σταύρωνε στο μέτωπο με λάδι από το καντήλι, ενώ μερικούς τους αγκάλιαζε και τους ασπαζόταν λέγοντας: «Χριστὸς Ἀνέστη!».

Την 1η Ιανουαρίου 1833 μ.Χ., ημέρα Κυριακή, ο Όσιος ήλθε για τελευταία φορά στο Ναό του νοσοκομείου των Αγίων Ζωσιμά και Σαββατίου. Άναψε κερί σε όλες τις εικόνες και τις ασπάσθηκε. Μετάλαβε των Αχράντων Μυστηρίων και μετά το τέλος της Θείας Λειτουργίας ζήτησε συγχώρεση από όλους τους αδελφούς, τους ευλόγησε, τους ασπάσθηκε και παρηγορητικά τους είπε: «Σώζεσθε, μὴν ἀκηδιᾶτε, ἀγρυπνεῖτε καὶ προσεύχεσθε. Στέφανοι μᾶς ἑτοιμάζονται». Ο Μοναχός Παύλος πρόσεξε ότι ο Όσιος εκείνη την ημέρα πήγε τρεις φορές στον τόπο που είχε υποδείξει για τον ενταφιασμό του. Καθόταν εκεί και κοίταζε αρκετή ώρα στη γη. Το βράδυ τον άκουσε να ψάλλει στο κελί του Πασχαλινούς ύμνους: «Ἀνάστασιν Χριστοῦ θεασάμενοι....», «Φωτίζου, φωτίζου ἡ νέα Ἱερουσαλήμ....», «Ὤ, Πάσχα τὸ μέγα καὶ ἱερώτατον, Χριστέ....».

Ο Όσιος κοιμήθηκε με ειρήνη στις 2 Ιανουαρίου 1833 μ.Χ. Οι μοναχοί τον είδαν με το λευκό ζωστικό, γονατιστό σε στάση προσευχής μπροστά στην εικόνα της Θεοτόκου, ασκεπή, με το χάλκινο σταυρό στο λαιμό και με τα χέρια στο στήθος σε σχήμα σταυρού. Νόμιζαν ότι τον είχε πάρει ο ύπνος.

Τα ιερά λείψανά του εξαφανίστηκαν κατά την περίοδο της Οκτωβριανής επαναστάσεως και ξαναβρέθηκαν το 1990 μ.Χ., στην Αγία Πετρούπολη. Το 1991 μ.Χ. επέστρεψαν στην μονή Ντιβέγιεβο.","Χριστῷ ἐκ νεότητος ἀκολουθήσας θερμῶς, εὐχαῖς καὶ δεήσεσιν, ἐν τῇ ἐρήμῳ Σαρώφ, ὡς ἄσαρκος ἤσκησας· ὅθεν τοῦ Παρακλήτου, δεδεγμένος τὴν χάριν, ὤφθης τῆς Θεοτόκου, θεοφόρος θεράπων· διὸ σε μακαρίζομεν, Σεραφεὶμ Πάτερ Ὅσιε.",https://maxzyccbxpanounjsbyd.supabase.co/storage/v1/object/public/Agiografies/Agios_Serafeim.jpg,Ιανουάριος
8cdf868d-1612-446a-9d79-851f4d547487,Άγιος Βασίλειος,1,"Μέγας αυτός πατέρας και διδάσκαλος της Ορθόδοξης Εκκλησίας γεννήθηκε το 329 μ.Χ., κατ' άλλους το 330 μ.Χ., στη Νεοκαισάρεια του Πόντου στο χωριό Άννησα και μεγάλωσε στην Καισάρεια της Καππαδοκίας. Τα δε εγκυκλοπαιδικά λεξικά αναφέρουν σαν πατρίδα του Μ. Βασιλείου την Καισαρεία της Καππαδοκίας. Είχε 8 αδέρφια, 3 αγόρια και πέντε κορίτσια. Από τα 4 αγόρια τα 3 αγόρια έγιναν επίσκοποι (ο Βασίλειος Καισαρείας, ο Γρηγόριος Νύσσης και ο Πέτρος Σεβάστειας) και το ένα μοναχός (ο Ναυκράτιος). Από τις 5 αδερφές του η πρώτη, και συγχρόνως το πιο μεγάλο παιδί της οικογένειας, η Μακρίνα, έγινε μοναχή. Οι γονείς του Βασίλειος (και αυτός), που καταγόταν από την Νεοκαισάρεια του Πόντου και Εμμέλεια, που καταγόταν από την Καππαδοκία, αν και κατά κόσμον ευγενείς και πλούσιοι, είχαν συγχρόνως και ακμαιότατο χριστιανικό φρόνημα. Αυτοί μάλιστα έθεσαν και τις πρώτες -καθοριστικής σημασίας- πνευματικές βάσεις του Αγίου.

Με εφόδιο αυτή τη χριστιανική ανατροφή, ο Βασίλειος αρχίζει μια καταπληκτική ανοδική πνευματική πορεία. Έχοντας τα χαρίσματα της ευστροφίας και της μνήμης, κατακτά σχεδόν όλες τις επιστήμες της εποχής του. Και το σπουδαιότερο, κατακτά τη θεία θεωρία του Ευαγγελίου, που την κάνει αμέσως πράξη με την αυστηρή ασκητική ζωή του.

Ας αναφέρουμε όμως, περιληπτικά, την πορεία των δραστηριοτήτων του. Μετά τις πρώτες του σπουδές στην Καισαρεία και κατόπιν στο Βυζάντιο, επισκέφθηκε, νεαρός ακόμα, την Αθήνα, όπου επί τέσσερα χρόνια συμπλήρωσε τις σπουδές του, σπουδάζοντας φιλοσοφία, ρητορική, γραμματική, αστρονομία και ιατρική, έχοντας συμφοιτητές του τον Γρηγόριο τον Ναζιανζηνό (τον θεολόγο) και τον Ιουλιανό τον Παραβάτη.

Από την Αθήνα επέστρεψε στην Καισαρεία και δίδασκε την ρητορική τέχνη. Αποφάσισε όμως, να ακολουθήσει τη μοναχική ζωή και γι' αυτό πήγε στα κέντρα του ασκητισμού, για να διδαχθεί τα της μοναχικής πολιτείας στην Αίγυπτο, Παλαιστίνη, Συρία και Μεσοποταμία. Όταν επέστρεψε, αποσύρθηκε σε μια Μονή του Πόντου, αφού έγινε μοναχός, και ασκήθηκε εκεί με κάθε αυστηρότητα για πέντε χρόνια (357 - 362 μ.Χ.). Ήδη τέλεια καταρτισμένος στην Ορθόδοξη Πίστη, χειροτονήθηκε διάκονος και πρεσβύτερος από τον επίσκοπο Καισαρείας Ευσέβιο. Ο υποδειγματικός τρόπος της πνευματικής εργασίας του δεν αργεί να τον ανεβάσει στο θρόνο της αρχιεροσύνης, διαδεχόμενος τον Ευσέβιο στην επισκοπή της Καισαρείας (370 μ.Χ.). Με σταθερότητα και γενναίο φρόνημα, ως αρχιερέας έκανε πολλούς αγώνες για την Ορθόδοξη Πίστη. Με τους ορθόδοξους λόγους που συνέγραψε, κατακεραύνωσε τα φρονήματα των κακοδόξων.
Στους αγώνες του κατά του Αρειανισμού αναδείχτηκε αδαμάντινος, ούτε κολακείες βασιλικές του Ουάλεντα (364 - 378 μ.Χ.), που πήγε αυτοπροσώπως στην Καισαρεία για να τον μετατρέψει στον Αρειανισμό, ούτε οι απειλές του Μόδεστου μπόρεσαν να κάμψουν το ορθόδοξο φρόνημα του Αγίου. Υπεράσπισε με θάρρος την Ορθοδοξία, καταπλήσσοντας τον βασιλιά και τους Αρειανούς. Ακόμα, αγωνίστηκε κατά της ηθικής σήψεως και επέφερε σοφές μεταρρυθμίσεις στο μοναχισμό.

Η δε υπόλοιπη ποιμαντορική δράση του, υπήρξε απαράμιλλη, κτίζοντας την περίφημη «Βασιλειάδα», συγκρότημα με ευαγή Ιδρύματα, όπως φτωχοκομείο, ορφανοτροφείο, γηροκομείο, ξενοδοχείο και νοσοκομείο κ.ά., όπου βρήκαν τροφή και περίθαλψη χιλιάδες πάσχοντες κάθε ηλικίας, γένους και φυλής.

Ο Μέγας Βασίλειος έχει πλούσιο και σημαντικό συγγραφικό έργο. Τα κυριότερα έργα του είναι οι 9 ομιλίες στην Εξαήμερο, ομιλίες στους Ψαλμούς, πολλές και διάφορες άλλες ομιλίες, ασκητικά έργα και επιστολές. Εκτός των άλλων έργων του, έγραψε και Θεία Λειτουργία, που, μετά την επικράτηση αυτής της συντομότερης του Αγ. Ιωάννου του Χρυσοστόμου, τελείται 10 φορές το χρόνο: την 1η Ιανουαρίου (όπου γιορτάζεται και η μνήμη του), τις πρώτες πέντε Κυριακές της Μ. Τεσσαρακοστής, τις παραμονές των Χριστουγέννων και των Θεοφανείων, την Μ. Πέμπτη και το Μ. Σάββατο.

Στα πενήντα του χρόνια ο Μέγας Βασίλειος, εξαιτίας της ασθενικής κράσεώς του και της αυστηρής ασκητικής ζωής του (ορισμένες πηγές λένε από βαριά αρρώστια του ήπατος ή των νεφρών), την 1η Ιανουαρίου του 378 μ.Χ. ή κατ' άλλους το 379 με 380 μ.Χ., εγκαταλείπει το φθαρτό και μάταιο αυτό κόσμο, αφήνοντας παρακαταθήκη και Ιερή κληρονομιά στην ανθρωπότητα ένα τεράστιο πνευματικό έργο.","Εἰς πᾶσαν τὴν γῆν ἐξῆλθεν ὁ φθόγγος σου, ὡς δεξαμένην τὸν λόγον σου· δι' οὗ θεοπρεπῶς ἐδογμάτισας, τὴν φύσιν τῶν ὄντων ἐτράνωσας, τὰ τῶν ἀνθρώπων ἤθη κατεκόσμησας. Βασίλειον ἱεράτευμα, Πάτερ Ὅσιε· πρέσβευε Χριστῷ τῷ Θεῷ, σωθῆναι τὰς ψυχὰς ἡμῶν",https://maxzyccbxpanounjsbyd.supabase.co/storage/v1/object/public/Agiografies/Agios_Vasileios.jpg,Ιανουάριος
a8ad2539-5616-4260-b82c-5ae74750233a,Αγία Γοργονία,23,"Τιμῶ τελευτὴν σὴν σιγῇ, Γοργονία,
Γρηγορίου μέλψαντος αὐτὴν ἐκ λόγων.

Η Αγία Γοργονία, ήταν η νεότερη αδελφή του Αγίου Γρηγορίου του Θεολόγου (βλέπε 25 Ιανουαρίου) και κόρη της ευσεβούς Νόννας (βλέπε 5 Αυγούστου) και του επισκόπου Ναζιανζού Γρηγορίου (βλέπε 1 Ιανουαρίου) ανατράφηκε από τούς γονείς της «με παιδεία και νουθεσία Κυρίου». Αναδείχθηκε δε, ισάξια σε αρετή και αγιότητα βίου και με τους άλλους αδελφούς της. Διακρίθηκε για την οξύνοιά της, την προσήλωσή της στις Άγιες γραφές, ήταν δε κόσμια, σεμνή, διακριτική και ταπεινή στο φρόνημα.

Νυμφεύθηκε τον Αλύπιο και απέκτησε πέντε τέκνα, δύο αγόρια, τα οποία αφιερώθηκαν στον Θεό, και τρεις θυγατέρες, την Αλυπιανή, την Ευγενία και τη Νόννα. Μία όμως αρρώστια την έστειλε πρόωρα να συναντήσει τον λυτρωτή και νυμφίο Χριστό το έτος 370 μ.Χ., σε ηλικία 38 ετών.",,https://maxzyccbxpanounjsbyd.supabase.co/storage/v1/object/public/Agiografies/Agia_Gorgonia.jpg,Φεβρουάριος
b3aea55c-e1a4-40fa-b022-26349a7c9c96,Αγία Θωμαΐς από την Λέσβο,3,"Θλίψεσι πολλαῖς Θωμαῒς λαμπρυνθεῖσα,
Δόξης ἀῤῥήτου παρὰ Χριστοῦ μετέσχε.
Τριτάτῃ Θωμαΐδα πινυτόφρονα* ἀείδειν θέμις.

Η Αγία Θωμαΐς ήταν άγνωστη σαν αγία στην Λέσβο, την πατρίδα της. Μόλις το 1961 μ.Χ. έγινε γνωστή με σειρά άρθρων, που δημοσίευσε γι’ αυτήν, έπειτα από επιστημονική έρευνα, ο καθηγητής κ. Ιωάννης Μ. Φουντούλης.

Η Αγία Θωμαΐς γεννήθηκε στη Λέσβο μεταξύ των ετών 910 - 913 μ.Χ. Οι γονείς της, Μιχαήλ και Καλή, ήταν ευσεβέστατοι, έντιμοι και ευκατάστατοι. Τη στέρηση παιδιού την αντιμετώπιζαν «πενθοῦντες καὶ σκυθρωπάζοντες», αλλά και με την ελπίδα ότι θα αποκτούσαν παιδί και για τούτο δεν έπαυαν να προσεύχονται. Τέλος, η Παναγία με θείο όνειρο προειδοποίησε την Καλή ότι όχι μόνο θα αποκτούσε παιδί, αλλά ότι τούτο θα ξεχώριζε σε πλούτο χαρισμάτων και αγιότητα.

Πραγματικά, απόκτησαν κόρη, που την ονόμασαν Θωμαΐδα, που καθώς μεγάλωνε ξεχώριζε για τα χαρίσματα που είχε και την ομορφιά της. Αν και δεν είχε καμιά διάθεση για γάμο αλλά απ' εναντίας θαύμαζε τη μοναστική ζωή, πειθαρχώντας στη θέληση και επιθυμία των γονιών της, πανδρεύτηκε, μεταξύ των ετών 934 - 937 μ.Χ., σε ηλικία 24 ετών, κάποιον Στέφανο, που έγινε γι' αυτήν «ἀκάνθινος στέφανος» για όλη τη ζωή της. Ενώ αυτή ήταν τόσο καλή, τόσο ενάρετη, ώστε την ήξεραν όλοι σαν υπόδειγμα συζύγου, υπέφερε φοβερά από τη βάναυση συμπεριφορά του βαρβάρου συζύγου της, που καθημερινά εύρισκε ευκαιρία να την πληγώνει στο σώμα και στην ψυχή με ξυλοδαρμούς, ραπίσματα, κλωτσιές ακόμα και στο στόμα της, να την καίει, να της ανοίγει πληγές σ' όλο της το σώμα.

Από τη Μυτιλήνη έφυγαν και κατοίκησαν στην Κωνσταντινούπολη, όπου φαίνεται, για να ακολουθήσουν την κόρη τους, μετακόμισαν και οι γονείς της, εγκαταλείποντας εδώ τη μεγάλη περιουσία τους και αντιμετωπίζοντας εκεί πολλές στερήσεις. Μετά το θάνατο του πατέρα της, η μητέρα της πήγε στο μοναστήρι, το γνωστό με το όνομα «τὰ Μικρὰ Ρωμαίου» ή «τὰ Ρωμαίου», το οποίο εκείτο μεταξύ της πύλης της Σηλυβρίας και της πύλης του Πολυανδρίου επί του εβδόμου λόφου της Κωνσταντινούπολης και έγινε μοναχή και αργότερα έγινε και ηγουμένη.

Το δράμα της Θωμαΐδος κορυφώθηκε. Η συμπεριφορά του συζύγου της γινότανε από μέρα σε μέρα χειρότερη. Και η Θωμαΐς αντιμετώπιζε όλη αυτή τη μαρτυρική κατάσταση με την προσευχή, την υπομονή και την αγαθοεργία.

Πολύ σύντομα η πίστη και η αγιότητα της Θωμαϊδος ευλογήθηκε από το Θεό, που της έδωκε τη χάρη να κάνει και θαύματα, όταν ζητούσε με τις θερμές προσευχές της τη βοήθειά Του για ανθρώπους που υπέφεραν. Αναφέρονται δεκατέσσερα θαύματα που έγιναν με την προσευχή της αγίας Θωμαΐδος στην Κωνσταντινούπολη. Θεραπεύει έναν δαιμονιζόμενο, έναν παράλυτο, έναν άρρωστο με καρκίνο και άλλους.

Έπειτα από δέκα τριών ετών μαρτυρική συζυγική ζωή, απέθανε η Θωμαΐς σε ηλικία τριάντα οκτώ ετών και ενταφιάσθηκε στην γυναικεία Μονή, την καλουμένη «τὰ Μικρὰ Ρωμαίου» ή «τὰ Ρωμαίου» όπου είχε μονάσει και ταφή και η μητέρα της. Σαράντα ημέρες μετά την ταφή της, το ιερό λείψανο αυτής ανακομίσθηκε και αποτέθηκε σε πολυτελή λάρνακα εντός του Ναού της Μονής. Αυτό ήταν ακέραιο και στα τίμια χέρια της διακρίνονταν οι αικισμοί του συζύγου της.

Ο τάφος της και το σεπτό λείψανό της έγιναν πηγή θαυμάτων. Κάποιος διαμονιζόμενος Κωνσταντίνος, που πλησίασε τον τάφο της, θεραπεύεται. Κάποιος παράλυτος Ευτυχιανός ονομαζόμενος, που προσευχήθηκε και άγγισε τον τάφο της στάθηκε στα πόδια του. Κάποια μοναχή με φοβερούς πόνους στο κεφάλι θεραπεύεται και άλλος με επιληψία επίσης βρίσκει την υγεία του. Κάποιος ψαράς βρίσκει τα χαμένα δίχτυα του στη θάλασσα γεμάτα ψάρια. Κάποια γυναίκα με φοβερούς πόνους στα σπλάγχνα της θεραπεύεται και από ευγνωμοσύνη χτίζει πάνω στον τάφο της αγίας μεγαλοπρεπή αψίδα. Σαν τελευταίο θαύμα αναφέρεται η θεραπεία του συζύγου της, που μετά το θάνατό της «προσέκρουσε δαίμονι χαλεπώ», έγινε, δηλαδή, δαιμονιζόμενος. Τον έδεσαν με αλυσίδες και τον οδήγησαν στον τάφο της αγίας και θεραπεύτηκε.

Το τίμιο σκήνωμά της απωλέσθηκε πιθανόν κατά την άλωση της Κωνσταντινουπόλεως από τους Φράγκους το 1204 μ.Χ.

Αρχικά η μνήμη της εορταζόταν την 1η Ιανουαρίου, αλλά από το 10ο αιώνα μ.Χ. ο εορτασμός της μνήμης της μετατέθηκε στις 3 Ιανουαρίου, διότι η ημέρα της κοιμήσεώς της, που συνέπιπτε με την εορτή της Περιτομής του Κυρίου και την εορτή του Μεγάλου Βασιλείου, δεν ήταν πρόσφορη για τον πανηγυρισμό αυτής.

Ακολουθία της αγίας συνέταξε ο μοναχός Γεράσιμος Μικραγιαννανίτης, Υμνογράφος της Μ. του Χριστού Εκκλησίας στο Άγιο Όρος, το έτος 1967 με τη μέριμνα του αειμν. Μητροπολίτου Μυτιλήνης Ιακώβου Κλεομβρότου και δημοσιεύθηκε στο «Λεσβιακό Μηναίο».","Ἀπολυτίκιον  (Κατέβασμα) Ἦχος δ'. Ταχὺ προκατάλαβε. Τάς θλίψεις τοῦ βίου σου, ὡς προσφορὰν λογικήν, Χριστῷ προσενένκασα, τὴν τῶν θαυμάτων ἰσχύν, Ὁσία, ἀντείληφας. Ὅθεν ὡς συζυγίας, ὑποτύπωσιν θείαν, μέλπομεν Θωμαΐς σε, καὶ πιστῶς σοι βοῶμεν Χαῖρε τῆς νήσου Λέσβου, σεμνὸν ἐγκαλλώπισμα. Κοντάκιον Ἦχος δ’. Ἐπεφάνης σήμερον. Πόνους πλείστους ἤνεγκας καὶ κακουχίας, Θωμαῒς πανθαύμαστε, ἐν τῇ δυνάμει τοῦ Χριστοῦ· ὅθεν ἀξίως δεδόξασαι, καὶ τῶν ῾Αγίων ἐδέξω τὸν στέφανον. Μεγαλυνάριον Ηθλησας ἐν πόνοις μαρτυρικοῖς, Θωμαῒς ῾Οσία, καὶ κατῄσχυνας τὸν ἐχθρόν· ὅθεν ἐδοξάσθης παρὰ Θεοῦ πλουσίως, καὶ νέμεις τοῖς αἰτοῦσι, τὴν σὴν βοήθειαν.",https://maxzyccbxpanounjsbyd.supabase.co/storage/v1/object/public/Agiografies/Agia_thomais.jpg,Ιανουάριος
d7663e36-7b1c-4f36-ab31-38f4c3c1a8a7,Αγίων Θεόπεμπτου και Θεωνά,5,"
Βιογραφία
Εις τον Θεόπεμπτον.
Ὅπως τελευτᾷ Θεόπεμπτος, εἰπάτω.
Ἄθλων τελευτῶ, τὴν κάραν τμηθεὶς ξίφει.

Εις τον Θεωνάν.
Λάκκῳ, Θεωνᾶς Μάρτυς, ἐν κατωτάτῳ.
Ἒθεντὸ μ,᾽ ἐκραύγαζε τοῦ Ψαλτηρίου,

Πέμπτῃ ἐκ ξίφεος λίπε τὸν δὲ βίον Θεόπεμπτος.

Ο Άγιος Θεόπεμπτος μας διδάσκει πως πρέπει να είμαστε πρωτοπόροι, αν θέλουμε να κερδίσουμε την αιώνια δόξα και όχι αυτή την προσωρινή του κόσμου. Ο Άγιος ήταν επίσκοπος στα χρόνια του αυτοκράτορα Διοκλητιανού (284 - 305 μ.Χ.), που στις 23 Ιανουαρίου 303 υπέγραψε διάταγμα ανελέητου διωγμού κατά των χριστιανών. Τότε, ο πρώτος που ομολόγησε Χριστόν Εσταυρωμένον και ήλεγξε τον Διοκλητιανό για την πλάνη του, ήταν ο επίσκοπος Θεόπεμπτος. Βέβαια, αμέσως μετά ήξερε τι τον περίμενε. Και πράγματι, υποβάλλεται σε μια σειρά σκληρών βασανιστηρίων, που συγχρόνως συνοδεύονται από θαύματα. Πρώτα τον βάζουν σε φούρνο αναμμένο για να καεί, αλλά θαυματουργικά βγαίνει ζωντανός και αβλαβής. Έπειτα, του βγάζουν το ένα μάτι και, αμέσως μετά, του επιβάλλουν να πιει θανατηφόρα δηλητήρια. Επειδή όμως φυλάχτηκε από τη Χάρη του Θεού αβλαβής, τον αποκεφαλίζουν. Αλλά η ανδρεία, η ασάλευτη πίστη, η έξοχη καρτερία και η ηθική λάμψη που φώτιζαν τη φυσιογνωμία του μάρτυρα Θεοπέμπτου, μίλησαν πειστικά και νικηφόρα στην καρδιά του ειδωλολάτρη μάγου Θεωνά, που παρασκεύαζε τα φάρμακα. Και ενώ ακόμα η λουσμένη στα αίματα κεφαλή του μάρτυρα ήταν κατά γης, ομολόγησε κι αυτός το Χριστό. Μανιασμένοι τότε οι ειδωλολάτρες από την απρόσμενη αυτή ομολογία, τον θάβουν ζωντανό στο χώμα. Έτσι ο Θεωνάς βρήκε ένδοξο θάνατο και η ψυχή του μαζί μ' αυτήν του Αγίου Θεοπέμπτου, ανέβηκαν στον αθλοθέτη και στεφανοδότη Θεό.","Ἀπολυτίκιον  (Κατέβασμα) Ἦχος δ'. Ὁ ὑψωθεὶς ἐν τῷ Σταυρῷ. Ἱερωσύνης τῇ στολῇ διαπρέπων, ἀθλητικῶς τὸν δυσμενῆ ἐτροπώσω, ὡς Ἱεράρχης ἔνθεος Θεόπεμπτε· ὅθεν πρὸς ἐπίγνωσιν, ἀληθείας προσάγεις, Θεωνᾶν τὸν ἔνδοξον, προσελθόντα Κυρίῳ· μεθ’ οὗ δυσώπει πάντοτε σοφέ, ὑπὲρ τῶν πίστει, τιμώντων τοὺς ἄθλους σου. Κοντάκιον Ἦχος β’. Τοὺς ἀσφαλεῖς. Ὡς ἱερεὺς, τῶν ἀπορρήτων ὅσιος, καὶ λειτουργὸς, θεοειδὴς τῆς χάριτος, μαρτυρίου τοῖς παλαίσμασι, μυσταγωγεῖς πρὶς πίστιν ἔνθεον, Θεόπεμπτε τὸν Θεωνᾶν τὸν ἔνδοξον, μεθ’ οὗ ἐν τῷ σταδίῳ ἀνεκραύγαζες· Χριστὸς τῶν Μαρτύρων τὸ ἑδραίωμα. Μεγαλυνάριον Αἴγλη διαλάμπων ἀθλητικῇ, Θεόπεμπτε μάκαρ, κατεφώτισας πρὸς ζωήν, Θεωνᾶν τὸν θεῖον, θαυμάτων ἐνεργείᾳ, μεθ’ οὗ καὶ συναθλήσας, ἡμῶν μνημόνευ",https://maxzyccbxpanounjsbyd.supabase.co/storage/v1/object/public/Agiografies/agioi%20theonas_theopemptos.jpg,Ιούνιος
d7952af3-0edb-44fe-9674-88de729a54ff,Αγία Συγκλητική,5,"Η οσία Συγκλητική γεννήθηκε το 340, δηλαδή κατά το διάστημα που επίσκοπος Αλεξάνδρειας ήταν ο Μέγας Αθανάσιος, ο οποίος αργότερα  συνέγραψε εκτενώς το βίο της, όπως αναφέρει ο  Άγιος Νικόδημος ο Αγιορείτης.

Η οσία συνδυάζοντας   σωματική και ψυχική ωραιότητα και προερχομένη από οικογένεια φημισμένη για τον πλούτο και την ευσέβεια της, ήταν περιζήτητη νύφη. Η καρδιά της όμως φλεγόταν από το  θείο έρωτα!
Γι’ αυτό λοιπόν, λίγο μετά το θάνατο των γονιών της, αφού μοίρασε την περιουσία της στους φτωχούς και τα ορφανά της Αλεξάνδρειας, έφυγε από την πόλη και ίδρυσε μοναστήρι σε ερημική τοποθεσία. Πολλές γυναίκες την ακολούθησαν για να συμμονάσουν.

Η μακαρία Συγκλητική όντας προγυμνασμένη στην άσκηση, προόδευε στην αρετή. Νήστευε πολύ, κοιμόταν κατά γης, προσεύχονταν με πίστη, ελπίδα κι αγάπη. Έτσι αντιμετώπιζε τον πνευματικό πόλεμο και όταν αυτός έπαυε, είχε τη διάκριση να μετριάζει την ένταση της ασκήσεως της, ώστε να μην αποκάμει και να έχει τη δύναμη να αγωνίζεται. Η ταπείνωση της προσείλκυε τη χάρη του Θεού  και πολλές μοναχές που  την πλησίαζαν για να συνομιλήσουν αποκόμιζαν μεγάλη ψυχική ωφέλεια. Έχουν διασωθεί οι διδαχές της , πλούσιο απόσταγμα πνευματικής εμπειρίας!

Προς το τέλος της ζωής της, ο μισόκαλος διάβολος ζήτησε, κατά   παραχώρηση  Θεού, να την πολεμήσει με σωματική ασθένεια, όπως συνέβη και με τον Ιώβ. Η αγία σε ηλικία 80 ετών, αν και υπέφερε από δεινή αρρώστια και ανίατες πληγές, διατήρησε ανδρείο φρόνημα και υπομένοντας το μαρτύριο αποδήμησε εις Κύριον.  Ο νους της είχε αρπαχθεί στη θεωρία Του πολύ πριν την εκδημία της!

Το σύνολο των διδαχών της δεν απηχεί αποκλειστικά στους μοναχούς. Η οσία Συγκλητική οδηγώντας το καράβι της ψυχής της στο Χριστό μέσα από τις φουρτούνες της θάλασσας της ζωής, γνωρίζει για παράδειγμα,  πως κάθε καρδιά, στον κόσμο ή στο μοναστήρι συμβαίνει να λυπάται για κάτι, γι’ αυτό και διακρίνει την ωφέλιμη από τη βλαβερή λύπη, τονίζοντας ότι  τη δεύτερη, δηλαδή την ακηδία, πρέπει να την διώχνουμε με προσευχή  και ψαλμωδία και με τη σκέψη ότι στην παρούσα ζωή κανείς ασύνετος δεν είναι δίχως τέτοιες λύπες.","Ἀπολυτίκιον  (Κατέβασμα) Ἦχος δ'. Ταχὺ προκατάλαβε. Σοφίᾳ καὶ χάριτι, κεκοσμημένη σεμνή, ἀκλόνητος ἔμεινας, ὡς ὁ Ἰὼβ ὁ κλεινός, ἐχθροῦ ἐπίθεσιν· ὅθεν Συγκλητική σε, ἡ οὐράνιος δόξα, δέδεκται μετὰ τέλος, ὡς παρθένον φρονίμην· ἐν ᾗ τῶν μεμνημένων σου ἀεὶ μνημόνευε. Κοντάκιον Ἦχος γ’. Ἡ Παρθένος σήμερον. Ἀρετῶν ἐκλάμψασα, ταῖς οὐρανίαις ἀκτῖσιν, ὡς λαμπὰς ἀείφωτος, Συγκλιτικὴ θεοφόρε, ἤμβλυνας, τοῦ παλαμναίου ἐχθροῦ τὰ κέντρα, ἴθυνας πρὸς τὸν νυμφῶνα τῆς ἄνω δόξης, δῆμον ἅγιον παρθένων, μεθ’ ὧν δυσώπει, ἐλεηθῆναι ἡμᾶς. Μεγαλυνάριον Χαίροις τῶν παρθένων ἡ καλλονή, καὶ Ἰὼβ τοῦ θείου, ἐκμαγεῖον ἐν πειρασμοῖς· χαίροις οὐρανίου, συγκλήτου κληρονόμε, Συγκλητικὴ θεόφρον, Πνεύματος ὄργανον.",https://maxzyccbxpanounjsbyd.supabase.co/storage/v1/object/public/Agiografies/Osia_Sigklitiki.jpg,Ιανουάριος
f9817b96-837e-4b86-ada9-f69e78cdfd7b,Οι Άγιοι Έξι Μάρτυρες οι εν Μεγάροις,16,"των Αγίων Έξι Μαρτύρων (Δωροθέου, Σαράντη, Σεραφείμ, Ιακώβου, Βασιλείου και Δημητρίου) των εν Μεγάροις Αθλησάντων, των οποίων η μνήμη τελείται την 16η Αυγούστου.
Η εύρεση λοιπόν,των ιερών λειψάνων των Αγίων Έξι Μαρτύρων έγινε, με τον εξής θαυμαστό τρόπο:

Το έτος 1798 εμφανίσθηκαν, σε όραμα σε ένα παιδί ηλικίας τότε εννέα χρονών, πού ονομαζόταν Πανούσης (στο τοπικό λεξιλόγιο των Μεγαριτών), τρεις άνδρες, σαν έφιπποι στρατιώτες, λέγοντας σ' αυτό, ότι πρέπει να βγάλουν από την γη τα λείψανα τους, χωρίς όμως να γνωστοποιήσουν τα ονόματά τους.
Το παιδί αυτό μετά από λίγες μέρες ανέφερε το δράμα του στον παππού του, ονόματι Σιδέρη, ό οποίος ήταν άνθρωπος αγροίκος και άπιστος και ο οποίος έδειρε το παιδί, γιατί νόμισε ότι έπλασε μόνο του την ιστορία για την εύρεση των Αγίων.
Οι Άγιοι όμως δεν έπαυσαν να παρουσιάζονται συνέχεια στο όνειρο του παιδιού, και να του δείχνουν τον τόπο της ταφής των, ζητώντας την εξαγωγή από την γη των ιερών τους λειψάνων. Κάθε φορά πού ο παππούς του παιδιού άκουγε κάτι τέτοιο, οργιζόταν όλο και περισσότερο, πολλαπλασιάζοντας τις τιμωρίες. Ό άνθρωπος αυτός αφού τιμωρήθηκε από τη Θεία Δικαιοσύνη με διάφορες τιμωρίες, τελικά πέθανε αμετανόητος.



Μετά ένα χρόνο αρχίζουν και πάλι να εμφανίζονται οι άγιοι Μάρτυρες στο παιδί, λέγοντας τα ίδια, δηλαδή ότι πρέπει να βγάλουν τα λείψανα τους από τη γη. Με αφορμή τις νέες αποκαλύψεις πήρε θάρρος το παιδί και ανακοίνωσε στον πατέρα του Ιωάννη τα καθέκαστα, ό οποίος με πολύ προθυμία δέχτηκε να αναλάβει το έργο.
Επειδή όμως φοβόντουσαν τους Τούρκους κατακτητές, έσκαβαν μόνο τη νύχτα στον τόπο πού είχε υποδειχθεί, και σε βάθος περίπου τεσσάρων μέτρων βρήκαν την επομένη της Κοιμήσεως της Θεοτόκου (16 Αυγούστου) τα ιερά λείψανα των Αγίων, τα όποια ευωδίαζαν υπερκόσμια ευωδία. Με τα άγια αυτά λείψανα άρχισαν να γίνονται πάμπολλα θαύματα όχι μόνο σε ανθρώπους αλλά και σε κτήνη και σε αμπελώνες.
Επειδή όμως αγνοούσαν οι Μεγαρείς τα ονόματα των Αγίων, άρχισαν να κάνουν νηστείες, αγρυπνίες και προσευχές και ό Θεός δεν άργησε να αποκάλυψη τα ονόματα τους. Ήσαν οί άγιοι Μάρτυρες Σεραφείμ, Δωρόθεος και Ιάκωβος.
Μετά από ένα χρόνο περίπου εμφανίσθηκαν στο ίδιο παιδί, πού ήταν και ό φύλακας των ανευρεθέντων αγίων λειψάνων, και άλλοι δύο άγιοι Μάρτυρες Δημήτριος και Βασίλειος ονόματι, οί οποίοι έδειξαν τον τάφο τους, πού βρίσκεται σε μικρή απόσταση λίγων μέτρων προς βορρά των πρώτων. Αφού βοήθησαν αρκετοί ευσεβείς χριστιανοί έβγαλαν με πολλή ευλάβεια και των δύο αυτών Αγίων τα ιερά λείψανα. Κατά την ώρα εκείνη βοή έβγαινε από τον τάφο, ενώ το πλήθος με πολλή ευλάβεια και φόβο παρακολουθούσε τα γεγονότα. Μετά τον ασπασμό των αγίων αυτών λειψάνων, τα ένωσαν μαζί με των αγίων Μαρτύρων Σεραφείμ, Δωροθέου και Ιακώβου.
Μετά από είκοσι περίπου χρόνια υποδείχθηκε στον ίδιο νέο,20 χρονών περίπου, από τον άγιο Μάρτυρα Σαράντη ή ανεύρεση και των δικών του λειψάνων, τα όποια βρίσκονταν μέσα σε χείμαρρο θαμμένα, σε αγροτική περιοχή βορείως της πόλεως των Μεγάρων. Ό Πανούσης, πήρε μαζί του τον ιερέα Ιωάννη Μουστάκα, οί οποίοι αφού ήρθαν στον ορισμένο τόπο, είδαν ότι υπήρχαν θάμνοι ανέπαφοι και μεγάλη πέτρα, κάτω από την οποία υπήρχαν δύο τεράστια φίδια, γι' αυτό και ήταν αδύνατο να σκάψουν. Αφού γονάτισαν και προσευχήθηκαν, με τη χάρι του Θεού εξαφανίσθηκαν τα φίδια, και φωτεινή λάμψη βγήκε από τους θάμνους, κάτω από τους οποίους υπήρχαν τα ιερά λείψανα. Αφού τα μάζεψαν με ευλάβεια και κατάνυξη, τα έφεραν στα Μέγαρα και τα τοποθέτησαν μαζί με τα λείψανα των άλλων πέντε Μαρτύρων. Στο μέρος αυτό πού βρέθηκαν τα ιερά λείψανα του αγίου Σαράντη, κτίσθηκε αργότερα μικρό ξωκλήσι, που αν και βρίσκεται στην κοίτη του χειμάρρου, διατηρείται χωρίς βλάβη, μέχρι σήμερα.
Ό Παΐσιος όταν έφτασε σε ηλικία σαράντα περίπου χρονών αν και δεν είχε πάει σχολείο, με τον φωτισμό του Θεού έμαθε τα απαραίτητα γράμματα και χειροτονήθηκε ιερεύς το έτος 1828, προκόπτοντας πάντοτε με την ευλογία του Θεού και την βοήθεια των αγίων Μαρτύρων.
Μετά το θάνατο του ιερέα Παϊσίου το έτος 1848, πολλοί ευσεβείς Μεγαρείς, οι οποίοι πολλές φορές είχαν ευεργετηθεί από τους Αγίους, θεωρούσαν απρεπές να βρίσκονται τα αγία λείψανα στο ερειπωμένο σπιτάκι, πού είχε κτισθεί από τον Παΐσιο στον τόπο πού βρέθηκαν οι Άγιοι. Άρχισαν λοιπόν ενέργειες να κτισθεί ιερός Ναός, στον τόπο πού υπήρχαν οι τάφοι των Άγιων, προς τιμήν και μνήμη τους. Ό θεμέλιος λίθος ετέθη το έτος 1889, και με κοινή δαπάνη και βοήθεια όλων των Μεγαρέων κτίσθηκε το ωραίο Παρεκκλήσιο των αγίων Μαρτύρων, ακριβώς στον τόπο πού βρίσκονται και οι τάφοι τους, οπού προστρέχουν με ευλάβεια οί ευσεβείς Μεγαρείς όλο το χρόνο, για να προσευχηθούν και να ζητήσουν τη βοήθεια των Αγίων, και ιδιαίτερα τη μέρα της μνήμης τους, όταν με κάθε μεγαλοπρέπεια λιτανεύονται τα ιερά λείψανα τους.",,https://maxzyccbxpanounjsbyd.supabase.co/storage/v1/object/public/Agiografies/Agioi_6_martires.jpg,Αύγουστος