id,day,month,title,description
004d3c1a-1aaa-43c8-b2f4-7a3eb8b7410b,31,Οκτώβριος,Παγκόσμια Ημέρα Αποταμίευσης,
01bad968-c75f-49d5-9a75-bc20b532dac9,13,Φεβρουάριος,Παγκόσμια Ημέρα Κινηματογράφου,
03a29648-159d-41b8-afc1-068edd731fb1,17,Νοέμβριος,Παγκόσμια Ημέρα Χρόνιας Αποφρακτικής Πνευμονοπάθειας,Προωθεί τον σεβασμό και την αποδοχή της πολιτιστικής ποικιλομορφίας.
0460cf56-390a-4d23-ad0b-8e17de0d04e9,15,Οκτώβριος,Διεθνής Ημέρα της Γυναίκας της Υπαίθρου,Αναγνωρίζει τον ρόλο των γυναικών της υπαίθρου στη βιώσιμη ανάπτυξη.
057a2821-7670-4342-ac18-e1a3d8b8c191,14,Οκτώβριος,Παγκόσμια Ημέρα Προτύπων (Τυποποίησης),
05f52664-7774-4318-aca6-599c92ce5dba,5,Ιούνιος,Παγκόσμια Ημέρα Περιβάλλοντος,Γιορτάζει την περιβαλλοντική δράση και τη συλλογική ευθύνη για έναν βιώσιμο κόσμο.
0624aa0d-6124-43e4-936f-82d6085f55b0,14,Μάρτιος,Παγκόσμια Ημέρα της Σταθεράς π,
06ff1f86-0aa4-4dca-9388-239f2cbdb23e,22,Μάρτιος,Παγκόσμια Ημέρα για το Νερό,Ευαισθητοποιεί για την παγκόσμια κρίση του νερού και τον Στόχο Βιώσιμης Ανάπτυξης 6.
09d3821e-bfc2-4175-871d-d3872adea5ba,1,Ιούνιος,Παγκόσμια Ημέρα Γάλακτος,
0b3500d5-202c-4148-99cb-ca9d13d0344f,18,Σεπτέμβριος,Παγκόσμια Ημέρα Εθελοντικού Καθαρισμού των Ακτών,
0b4df925-3322-4eb9-9a59-11db8b649531,20,Νοέμβριος,Ημέρα για την Εκβιομηχάνιση της Αφρικής,
0d560ae3-e45f-47f0-83a0-cf99a9baf248,1,Μάιος,Διεθνής Ημέρα Εργατών,
0d687806-3003-4890-89ea-05213894ea5c,6,Φεβρουάριος,Παγκόσμια Ημέρα Δράσης των Σιδηροδρομικών,
0d960a76-dd6b-44fb-a055-580e7de1cdca,5,Ιούνιος,"Διεθνής Ημέρα για την Καταπολέμηση της Παράνομης, Μη Καταγγελλόμενης και Μη Ρυθμιζόμενης Αλιείας",Στοχεύει στη διατήρηση και προστασία της βιώσιμης αλιείας παγκοσμίως.
0e3c9d58-33ad-4f02-9498-479f0cc9128d,10,Οκτώβριος,Παγκόσμια Ημέρα Ψυχικής Υγείας,"Προωθεί την εκπαίδευση, την ευαισθητοποίηση και την καταπολέμηση του κοινωνικού στίγματος."
0fc4959d-0cfd-4dd4-988f-ba7c8079228d,21,Μάρτιος,Παγκόσμια Ημέρα Κουκλοθεάτρου,
100bc924-5663-4930-88da-c056ed15e929,3,Δεκέμβριος,Διεθνής Ημέρα για τα Άτομα με Αναπηρία,Προωθεί τα δικαιώματα και την πλήρη συμμετοχή των ατόμων με αναπηρία.
103601e9-fa50-4b91-80e1-1340323879c2,3,Ιούλιος,Παγκόσμια Ημέρα Συνεταιρισμών,
14716b48-b03e-4795-83c6-a549b8e08060,15,Μάιος,Διεθνής Ημέρα Αντιρρησιών Συνείδησης,
16f0e93a-b854-4c65-bfdd-304a3f74681e,12,Φεβρουάριος,Ημέρα της Ερυθράς Χειρός,Η Ημέρα της Ερυθράς Χειρός είναι η 12η Φεβρουαρίου και είναι αφιερωμένη στην ευαισθητοποίηση και την καταπολέμηση της στρατολόγησης παιδιών σε ένοπλες συγκρούσεις.
17042fa0-1d89-4651-b9d6-f34d02b9fd86,19,Νοέμβριος,Παγκόσμια Ημέρα Αντρών,
187bf841-3153-4b64-9f65-934680893c09,3,Μάρτιος,Παγκόσμια Ημέρα Άγριας Ζωής,Υιοθετήθηκε το 2013 και προωθεί την ευαισθητοποίηση για την άγρια πανίδα και χλωρίδα και τα οφέλη της διατήρησής τους.
18e4f477-ead3-4c71-a520-e76431a9fa40,16,Οκτώβριος,Παγκόσμια Ημέρα Σπονδυλικής Στήλης,
19c05c11-b2ad-47ce-9fde-a282d15c4d6c,14,Νοέμβριος,Παγκόσμια Ημέρα Διαβήτη,Ευαισθητοποιεί για την πρόληψη και τη θεραπεία του διαβήτη.
1b631024-e63a-43f2-9f1a-e70a5d8f7ca6,5,Απρίλιος,Διεθνής Ημέρα Συνείδησης,"Προωθεί την ειρήνη, τη σταθερότητα και τον σεβασμό των ανθρωπίνων δικαιωμάτων."
1dcee2f0-42d7-475b-9027-d1c5ab582115,21,Μάρτιος,Διεθνής Ημέρα για την Εξάλειψη των Φυλετικών Διακρίσεων,Αποσκοπεί στην ευαισθητοποίηση για την ισότητα και τα ανθρώπινα δικαιώματα.
1edfced2-3c7a-4557-8db9-08066f6f6732,20,Μάρτιος,Διεθνής Ημέρα Ευτυχίας,"Ανακηρύχθηκε το 2012, αναγνωρίζοντας τη σημασία της ευτυχίας και της ευημερίας ως παγκόσμιους στόχους."
2011bfc6-5450-4292-85e3-3399048d646e,15,Μάρτιος,Παγκόσμια Ημέρα Καταναλωτή,
2079a1f1-2b48-4849-a4f5-5e7e13602366,15,Οκτώβριος,Διεθνής Ημέρα του Λευκού Μπαστουνιού,
21d18c39-c342-41a4-b824-a63001302fe9,14,Ιούνιος,Παγκόσμια Ημέρα Αιμοδοσίας,Τιμά τους εθελοντές αιμοδότες και προωθεί την ανάγκη για ασφαλές αίμα.
22875e64-2499-4857-8208-5c286fbfdec8,17,Φεβρουάριος,Παγκόσμια Ημέρα Ανθεκτικότητας Τουρισμού,Υιοθετήθηκε το 2023. Ο βιώσιμος τουρισμός συμβάλλει στην επίτευξη των στόχων βιώσιμης ανάπτυξης.
22979e39-2799-4e1e-8505-32a01fea12c3,30,Μάρτιος,Διεθνής Ημέρα Μηδενικών Αποβλήτων,Προωθεί τη βιώσιμη κατανάλωση και τη βελτίωση της διαχείρισης αποβλήτων.
239b983c-4bdf-432c-8153-524b937dd233,11,Απρίλιος,Παγκόσμια Ημέρα κατά της Aσθενείας Πάρκινσον,
2542f7ff-bec5-4920-a691-8d1691e2b9e5,18,Ιούλιος,Διεθνής Ημέρα Νέλσον Μαντέλα,Τιμά τις αξίες του Μαντέλα μέσω εθελοντισμού και κοινωνικής δράσης.
256709f1-4a7f-45e0-bc7d-219039cc572c,4,Ιανουάριος,Παγκόσμια Ημέρα Γραφής/Κώδικα Μπράιγ,"Η Παγκόσμια Ημέρα Μπράιγ, που γιορτάζεται από το 2019, έχει ως στόχο να ευαισθητοποιήσει το κοινό σχετικά με τη σημασία της γραφής Μπράιγ ως μέσου επικοινωνίας για την πλήρη πραγμάτωση των ανθρωπίνων δικαιωμάτων των τυφλών και των ατόμων με μειωμένη όραση."
2631b98a-d0f9-4431-8c60-cfd1a6c5809f,17,Ιούνιος,Παγκόσμια Ημέρα για την Καταπολέμηση της Ερημοποίησης και της Ξηρασίας,Αναδεικνύει τρόπους πρόληψης και αποκατάστασης από την ξηρασία.
283b2f1f-cda0-45bd-9cd0-141605485e30,21,Μάρτιος,Διεθνής Ημέρα Δασών,
29e85014-5b48-4930-aae6-ca94ab819f01,11,Φεβρουάριος,Διεθνής Ημέρα για τις Γυναίκες και τα Κορίτσια στην Επιστήμη,"Ο ΟΗΕ αναγνωρίζει την ισότιμη συμμετοχή των γυναικών και κοριτσιών στην επιστήμη, την τεχνολογία και την καινοτομία ως αναγκαία για την ισότητα των φύλων."
2a1f0efd-97a5-4230-aaad-ae28cd07c57e,24,Ιανουάριος,Διεθνής Ημέρα Εκπαίδευσης,"Η Γενική Συνέλευση ανακήρυξε την 24η Ιανουάριος ως Διεθνή Ημέρα Εκπαίδευσης, για να γιορτάσει το ρόλο της εκπαίδευσης για την ειρήνη και την ανάπτυξη. Το δικαίωμα στην εκπαίδευση κατοχυρώνεται στο άρθρο 26 της Οικουμενικής Διακήρυξης των Ανθρωπίνων Δικαιωμάτων."
2ac7513e-5a66-45ac-af34-0ddac91de9df,2,Νοέμβριος,Διεθνής Ημέρα για τον Τερματισμό της Ατιμωρησίας για Εγκλήματα κατά των Δημοσιογράφων,Προωθεί την προστασία των δημοσιογράφων και την ελευθερία του Τύπου.
2b5c8e60-25fe-4f1b-830e-0ababf3e6497,4,Απρίλιος,Διεθνής Ημέρα κατά των Ναρκών,Στοχεύει στην αντιμετώπιση των ναρκών και των εκρηκτικών καταλοίπων πολέμου.
2c958d40-ead5-45b3-adee-de7b47055f7c,24,Μάρτιος,Παγκόσμια Ημέρα κατά της Φυματίωσης,Στοχεύει στην ευαισθητοποίηση και την ενίσχυση των προσπαθειών για τον τερματισμό της φυματίωσης.
2f1bb625-d3e6-4060-9236-6ee790ee4b97,19,Μάιος,Παγκόσμια Ημέρα κατά της Ηπατίτιδας,
2f85112f-0e5e-4c6e-91ab-d93eab23f0a7,29,Νοέμβριος,Διεθνής Ημέρα Αλληλεγγύης προς τον Παλαιστινιακό Λαό,
307eecab-2a1c-4a54-bf43-be07c9d2567b,3,Μάιος,Παγκόσμια Ημέρα Άσθματος,Τονίζει τη σημασία της ελευθερίας της έκφρασης και της ενημέρωσης.
30a1e66f-21ab-4972-9df5-0548971d5410,26,Οκτώβριος,Παγκόσμια Ημέρα των Τεχνών του Δρόμου και της Ελεύθερης Έκφρασης στο Δημόσιο Χώρο,
3100b5ef-b3ec-4c25-af74-bd7a374ef7eb,20,Μάρτιος,Ημέρα Γαλλικής Γλώσσας στα Ηνωμένα Έθνη,Καθιερώθηκε το 2010 για την προώθηση της πολυγλωσσίας και της πολιτιστικής ποικιλομορφίας.
31232c9c-6e15-4014-9ee1-11726a89a4af,12,Οκτώβριος,Παγκόσμια Ημέρα κατά της Αρθρίτιδας,
3157a1eb-164c-47b7-bc60-99d1ca19b35f,10,Φεβρουάριος,Παγκόσμια Ημέρα Αραβικής Λεοπάρδαλης,Καθιερώθηκε το 2023 με στόχο την ανάδειξη της σημασίας της βιοποικιλότητας και της προστασίας της αραβικής λεοπάρδαλης.
334bdc51-a66b-4bc8-b678-8bd503555f0a,5,Οκτώβριος,Παγκόσμια Ημέρα Εκπαιδευτικών,Τιμά τους εκπαιδευτικούς παγκοσμίως και αναδεικνύει τη σημασία του έργου τους.
33ac0888-f149-4fbc-80cd-2c4ef373dd3b,14,Απρίλιος,Παγκόσμια Ημέρα κατά της Νόσου Τσάγκας,Ενημερώνει και ευαισθητοποιεί για τη νόσο Τσάγκας.
35a7978d-c746-472a-af9c-5a7d1f57f602,27,Μάρτιος,Παγκόσμια Ημέρα Θεάτρου,
3aa9ef0f-7dad-4766-b39e-ee330d5865b2,25,Οκτώβριος,Παγκόσμια Ημέρα Ζυμαρικών,
3c377a75-20c8-4e4d-8d9f-c2eb8a28a8d6,21,Ιούνιος,Ευρωπαϊκή Ημέρα Μουσικής,
3c7a6a45-964e-4bf6-b8a6-687e2662dab3,2,Απρίλιος,Παγκόσμια Ημέρα Ενημέρωσης για τον Αυτισμό,Τονίζει τη σημασία της αποδοχής και της κοινωνικής ένταξης των αυτιστικών ατόμων.
3d25b13b-0c26-4eb5-be07-8cb7ef017ec4,20,Ιούνιος,Παγκόσμια Ημέρα Προσφύγων,Τιμά τη δύναμη και την ανθεκτικότητα των προσφύγων παγκοσμίως.
3d7bf141-578d-4bf8-ade1-6b4bdf797b0f,8,Μάρτιος,Διεθνής Ημέρα Γυναικών,"Εστιάζει στην ισότητα των φύλων, τα δικαιώματα των γυναικών και την καταπολέμηση της βίας και των διακρίσεων."
3eb73bea-265c-4c21-acfb-b9b20c855341,21,Μάρτιος,Παγκόσμια Ημέρα Παγετώνων,Καθιερώθηκε από το 2025 με στόχο την προστασία των παγετώνων.
3f5ef044-2dc0-4589-a46e-a3a25bcaf856,4,Φεβρουάριος,Παγκόσμια Ημέρα κατά του Καρκίνου,Η 4η Φεβρουάριος καθιερώθηκε ως Παγκόσμια Ημέρα κατά του Καρκίνου με σκοπό την ενημέρωση και την ευαισθητοποίηση της διεθνούς κοινότητας για την ασθένεια.
402914c5-f992-49c1-9cd4-e60ae2f3452e,1,Οκτώβριος,Παγκόσμια Ημέρα Χορτοφαγίας,
41392e7d-9752-4c61-9474-e63ffff40a9c,9,Αύγουστος,Παγκόσμια Ημέρα Ιθαγενών,
41b7b524-b5ae-4b00-a785-a9418e16bb81,20,Μάιος,Παγκόσμια Ημέρα Μέλισσας,Αναδεικνύει τον κρίσιμο ρόλο των επικονιαστών στα οικοσυστήματα.
4214e29b-b50e-4379-bd2c-7c3e747791c9,17,Οκτώβριος,Διεθνής Ημέρα Εξάλειψης της Φτώχειας,Προωθεί τον διάλογο και την κατανόηση για την εξάλειψη της φτώχειας.
43dd7235-4670-450a-b79f-2dd35c2cbb51,31,Μάρτιος,Παγκόσμια Ημέρα Αντιγράφων Ασφαλείας (backup),
44b31acd-adac-476b-a3d7-fc8b91765183,2,Οκτώβριος,Διεθνής Ημέρα Μη Βίας,Τιμά τον Μαχάτμα Γκάντι και προωθεί το μήνυμα της μη βίας μέσω εκπαίδευσης και ευαισθητοποίησης.
46420b9b-27b5-4106-9974-ef59265075e2,25,Απρίλιος,Παγκόσμια Ημέρα κατά της Ελονοσίας,
4674e027-7ff4-4ef1-955f-c9f3a37947f9,15,Μάρτιος,Διεθνής Ημέρα για την Καταπολέμηση της Ισλαμοφοβίας,"Υιοθετήθηκε το 2022 και προωθεί τον διάλογο, την ανεκτικότητα και τον σεβασμό των ανθρωπίνων δικαιωμάτων."
4725fc2d-a1a1-47a5-9039-d2b96990a745,24,Οκτώβριος,Παγκόσμια Ημέρα Ακτών,
48207a06-eefc-42ab-a72f-7f5313d6f1be,24,Μάρτιος,Διεθνής Ημέρα για το Δικαίωμα στην Αλήθεια και την Αξιοπρέπεια των Θυμάτων,Τιμά τη μνήμη των θυμάτων σοβαρών παραβιάσεων ανθρωπίνων δικαιωμάτων.
483bf1ec-852f-4327-857e-b638d9977539,2,Απρίλιος,Παγκόσμια Ημέρα Παιδικού Βιβλίου,Τονίζει τη σημασία της αποδοχής και της κοινωνικής ένταξης των αυτιστικών ατόμων.
48b66750-ec57-44ec-bc9d-8fe75aacb06e,5,Μάιος,Πανευρωπαϊκή Ημέρα Ανεξάρτητης Διαβίωσης,
48e27543-6907-410e-9609-50c57e3bfaa2,20,Μάρτιος,Παγκόσμια Ημέρα Θεάτρου για τα Παιδιά και τους Νέους,
4911bc57-7c0b-42b7-838c-e4fc8776c6d3,28,Οκτώβριος,Διεθνής Ημέρα Κινουμένου Σχεδίου,Αναδεικνύει τη σημασία διατήρησης οπτικοακουστικών τεκμηρίων.
496d1e7c-b646-404b-b18f-812009e0d6a2,27,Οκτώβριος,Παγκόσμια Ημέρα Οπτικοακουστικής Κληρονομιάς,Αναδεικνύει τη σημασία διατήρησης οπτικοακουστικών τεκμηρίων.
4a1df932-23aa-4f9f-9918-3e7655fb5af3,4,Ιούλιος,Παγκόσμια Ημέρα Φεστιβάλ,
4dedb5eb-9cb4-46ff-b01a-3df7142e4b8a,8,Αύγουστος,Ημέρα μνήμης για την γενοκτονία των Ασσυρίων,
4e050359-f65f-4090-bafd-7522d3637641,25,Νοέμβριος,Διεθνής Ημέρα για την Εξάλειψη της Βίας κατά των Γυναικών,Ευαισθητοποιεί για την καταπολέμηση της βίας κατά των γυναικών.
4e3428d3-42c1-462c-9f0c-93064cb81510,30,Ιούλιος,Παγκόσμια Ημέρα κατά της Εμπορίας Ανθρώπων,Αναδεικνύει τη φιλία ως γέφυρα ειρήνης μεταξύ λαών και πολιτισμών.
4ef41067-beaa-48b6-bf77-f3c69d456c26,9,Οκτώβριος,Παγκόσμια Ημέρα Ταχυδρομείων,Αναδεικνύει τον ρόλο των ταχυδρομείων στην κοινωνική και οικονομική ανάπτυξη.
4f5b321d-51af-4475-a47c-e94689e83f53,4,Φεβρουάριος,Διεθνής Ημέρα Ανθρώπινης Αδελφοσύνης,Καθιερώθηκε από τη Γενική Συνέλευση στις 21 Δεκέμβριος 2020 για την προώθηση μεγαλύτερης πολιτιστικής και θρησκευτικής ανεκτικότητας.
4f646a35-c3f0-4a19-aa1c-8bbc72625ccd,13,Οκτώβριος,Διεθνής Ημέρα Μείωσης Φυσικών Καταστροφών,Προωθεί την παγκόσμια κουλτούρα συνειδητοποίησης και μείωσης κινδύνου.
517298c4-ba77-44e9-a023-6c9454ac0787,13,Ιούνιος,Διεθνής Ημέρα Ενημέρωσης για τον Αλφισμό,Στοχεύει στην ενημέρωση και καταπολέμηση των διακρίσεων λόγω αλφισμού.
52d4bb80-960a-43e9-9786-9b7340761c41,17,Ιούλιος,Παγκόσμια Ημέρα Διεθνούς Δικαιοσύνης,
539d47a3-498a-4f97-8e2d-ea30756293aa,23,Αύγουστος,Παγκόσμια Ημέρα για την Υπενθύμιση του Δουλεμπορίου και της Κατάργησής του,
53d0eaf5-77c9-41f0-8fa9-2d1df361ecc0,29,Απρίλιος,Παγκόσμια Ημέρα Χορού,
53d8e9e0-116d-4ba2-86c5-6c8e69166edc,16,Σεπτέμβριος,Διεθνής Ημέρα για τη Διατήρηση του στρώματος του Όζοντος,
571f1053-1af9-4e4f-88ec-50ef0050db10,25,Νοέμβριος,Ημέρα μνήμης για την γενοκτονία των Ουκρανών,Ευαισθητοποιεί για την καταπολέμηση της βίας κατά των γυναικών.
576b3d83-4dfc-49e8-ae98-951fbf7fdbd3,10,Οκτώβριος,Παγκόσμια Ημέρα κατά της Θανατικής Ποινής,"Προωθεί την εκπαίδευση, την ευαισθητοποίηση και την καταπολέμηση του κοινωνικού στίγματος."
58060b22-9863-4d50-8b10-d2b27b5eb738,28,Οκτώβριος,Παγκόσμια Ημέρα Δωρεάς Οργάνων Σώματος και Μεταμοσχεύσεων,Αναδεικνύει τη σημασία διατήρησης οπτικοακουστικών τεκμηρίων.
5aee7a2f-23b9-4df6-86fe-435b8d882f3d,28,Απρίλιος,Παγκόσμια Ημέρα για την Υγεία και την Ασφάλεια στην Εργασία,
5af210ce-0e24-4d0e-ba3c-fc712c979d42,23,Μάρτιος,Παγκόσμια Ημέρα Μετεωρολογίας,Τιμά την ίδρυση του Παγκόσμιου Μετεωρολογικού Οργανισμού.
5b26cf0c-d3cd-49d2-a3f3-9c6b3b5626a1,10,Φεβρουάριος,Παγκόσμια Ημέρα Οσπρίων,Ανακηρύχθηκε το 2019 με σκοπό την ευαισθητοποίηση για τα διατροφικά και περιβαλλοντικά οφέλη των οσπρίων.
5b3756d8-44e7-4f83-8b69-8db5e85beda9,12,Αύγουστος,Διεθνής Ημέρα Νεολαίας,Αναγνωρίζει τον ρόλο των νέων στη σύγχρονη παγκόσμια κοινωνία.
5c03c49a-bdac-46c6-9ff9-f5acf4cc68b9,11,Οκτώβριος,Διεθνής Ημέρα Μικρών Κοριτσιών,Αναγνωρίζει τα δικαιώματα των κοριτσιών και προωθεί την ενδυνάμωσή τους.
5c476282-97b5-4ecb-9acf-6bd08bf98af9,14,Φεβρουάριος,Διεθνής Ημέρα Προσευχής για τον Αυτισμό,
5cda5c65-a8fb-45e2-a924-862ab8b05000,7,Οκτώβριος,Παγκόσμια Ημέρα Βαμβακιού,Στηρίζει την ανάπτυξη του τομέα βαμβακιού στις αναπτυσσόμενες χώρες.
5dc3aa2d-5e13-4965-956f-ed7ef07ac2ce,29,Μάιος,Παγκόσμια Ημέρα Κυανοκράνων,
5f6331d4-bedd-4cbc-8c22-4a9a0b421839,21,Ιούνιος,Παγκόσμια Ημέρα Υδρογραφίας,
5fc2979d-b1e5-4d9d-9c9c-35295033ba35,20,Οκτώβριος,Παγκόσμια Ημέρα Στατιστικής,Αναδεικνύει τη σημασία αξιόπιστων στατιστικών για τεκμηριωμένες αποφάσεις.
60798866-80f0-43e7-9eb7-044f6fb1b222,26,Ιούνιος,Παγκόσμια Ημέρα κατά των Ναρκωτικών και της Παράνομης Διακίνησής τους,
61c24318-ec67-4373-b185-96e9705a6836,15,Σεπτέμβριος,Ευρωπαϊκή Ημέρα κατά του Καρκίνου του Προστάτη,
61e019eb-0124-4496-b437-5908ce16272f,31,Μάιος,Παγκόσμια Ημέρα κατά του Καπνίσματος,Στοχεύει στην πρόληψη των ασθενειών που σχετίζονται με το κάπνισμα.
63245521-8da0-42c9-be23-21474f2352ff,24,Οκτώβριος,Παγκόσμια Ημέρα Πληροφόρησης για την Ανάπτυξη,Εστιάζει στα αναπτυξιακά προβλήματα και τη διεθνή συνεργασία.
63aee384-da3a-4b84-8885-0c7eaa536bb2,22,Απρίλιος,Διεθνής Ημέρα Μητέρας Γης,Προωθεί τον σεβασμό προς τη Γη και τα οικοσυστήματα.
64ba3b02-cb03-4245-938c-33bf96f3200c,7,Απρίλιος,Παγκόσμια Ημέρα Υγείας,Σηματοδοτεί την ίδρυση του Παγκόσμιου Οργανισμού Υγείας.
67584f32-b64d-422e-9f55-e0085aedf459,21,Μάρτιος,Παγκόσμια Ημέρα Ύπνου,
68911e70-09b7-41d6-b328-b09953fd5abc,7,Ιούνιος,Παγκόσμια Ημέρα για την Ασφάλεια Τροφίμων,Εστιάζει στην πρόληψη και διαχείριση τροφιμογενών κινδύνων.
68c5cf2d-c5f3-4a37-86a2-1b98c4999a9c,5,Δεκέμβριος,Διεθνής Ημέρα Εθελοντών,Αναγνωρίζει τη συμβολή των εθελοντών στην κοινωνική ανάπτυξη.
6915a4fc-f503-4cbf-ab6d-786b4e7ecca2,16,Νοέμβριος,Διεθνής Ημέρα Ανεκτικότητας,Προωθεί τον σεβασμό και την αποδοχή της πολιτιστικής ποικιλομορφίας.
69ab9397-6d92-4ae9-a619-7fcc58eda693,21,Μάρτιος,Παγκόσμια Ημέρα Συνδρόμου Down,"Τονίζει τη σημασία της πρόσβασης στην υγεία, την εκπαίδευση χωρίς αποκλεισμούς και την έρευνα."
6c0303f7-120f-42c8-94e1-cb8feb5a8870,24,Απρίλιος,Ημέρα Μνήμης Γενοκτονίας των Αρμενίων,
6c4a3169-b942-4bda-af9b-e6b30bb66d10,1,Μάρτιος,Παγκόσμια Ημέρα Θαλάσσιων Λιβαδιών,"Ανακηρύχθηκε το 2022, υπογραμμίζοντας την ανάγκη ευαισθητοποίησης και δράσεων για τη διατήρηση των θαλάσσιων λιβαδιών."
6c639594-eea0-4c37-b850-361bfb4d54f8,19,Νοέμβριος,Παγκόσμια ημέρα κατά της κακοποίησης των παιδιών,
6c7b1c10-3834-4f52-9fe9-3ec7ccded059,17,Απρίλιος,Παγκόσμια Ημέρα Αγροτικής Πάλης,
6cc16669-6569-4e60-b4c4-fbbb9cd3b446,21,Σεπτέμβριος,Διεθνής Ημέρα Ειρήνης,Προωθεί 24 ώρες μη βίας και παγκόσμια ειρηνική συνύπαρξη.
6f317a61-d110-4fcf-9c60-953a3f15fea5,10,Ιούνιος,Διεθνής Ημέρα Διαλόγου μεταξύ Πολιτισμών,
710ccc3d-e13a-4bd3-a385-204241d506bd,28,Σεπτέμβριος,Παγκόσμια Ημέρα κατά της Λύσσας,Αναδεικνύει τον ρόλο του τουρισμού στην κοινωνική και οικονομική ανάπτυξη.
72b991c3-4c07-472c-887d-3291d041869b,11,Ιούνιος,Διεθνής Ημέρα Παιχνιδιού,Αναδεικνύει το παιχνίδι ως θεμελιώδες δικαίωμα των παιδιών.
736b4f38-4c39-45b8-a540-d76da267d536,25,Οκτώβριος,Παγκόσμια Ημέρα κατά του Καρκίνου του Μαστού,
744f9663-5ec7-4adb-9d91-3b6866c4b3f8,27,Απρίλιος,Παγκόσμια Ημέρα Σχεδίου (Design),
79837f1d-b2ca-4005-800d-df7beb0bffb5,8,Μάιος,Παγκόσμια Ημέρα Θαλασσαιμίας,
7a7fc871-8e11-43ed-95e0-48a1aa16f97e,19,Αύγουστος,Παγκόσμια Ημέρα Ανθρωπιστικής Δράσης,Τιμά όσους προσφέρουν βοήθεια σε πληθυσμούς που πλήττονται από κρίσεις.
7bffe298-fd62-475c-929d-bf0127761cfb,3,Ιούνιος,Παγκόσμια Ημέρα Ποδηλάτου,Αναδεικνύει το ποδήλατο ως μέσο βιώσιμων μεταφορών και θετικό εργαλείο για το κλίμα και τη βιώσιμη ανάπτυξη.
7c35dc64-9c9d-443b-9520-b5ec0b4e23e0,20,Μάρτιος,Παγκόσμια Ημέρα Στοματικής Υγείας,
7d87e077-6e11-452e-b2c1-5fc44cc13293,25,Μάρτιος,Διεθνής Ημέρα Αλληλεγγύης προς τους Κρατούμενους και Αγνοούμενους Υπαλλήλους του ΟΗΕ,Αποσκοπεί στην προστασία και τη δικαιοσύνη για το προσωπικό του ΟΗΕ.
7de9d0d7-768e-4c96-9052-501d7527b500,10,Μάρτιος,Διεθνής Ημέρα Δικαστίνων,Καθιερώθηκε το 2021 για την προώθηση της ισότιμης συμμετοχής των γυναικών στα δικαστικά συστήματα.
7e721f45-2cf8-4c68-8019-178931afb394,9,Νοέμβριος,Διεθνής Ημέρα κατά του Φασισμού και του Αντισημιτισμού,
7f63d4bf-06cd-4698-8722-3aa00c3cd358,30,Νοέμβριος,Παγκόσμια Ημέρα Αγοραστικής Αποχής,
80fece3c-627c-4ac2-8114-8ec06c25a6f9,28,Απρίλιος,Διεθνής Ημέρα Μνήμης Εργατών,
819163de-a0b2-461e-aa22-a30aafca410b,16,Απρίλιος,Παγκόσμια Ημέρα Φωνής,
820ac2f6-d289-4f16-8102-67a15cfb8bdf,6,Φεβρουάριος,Διεθνής Ημέρα Μηδενικής Ανοχής στην Κλειτοριδεκτομή,Το 2012 ο ΟΗΕ όρισε την ημέρα αυτή με στόχο την ενίσχυση των προσπαθειών για την εξάλειψη της πρακτικής της κλειτοριδεκτομής.
837f1cbf-1795-4137-b829-fa0942f1a2a9,21,Μάρτιος,Διεθνής Ημέρα Νεβρόζ,"Σηματοδοτεί την πρώτη ημέρα της άνοιξης και προωθεί την ειρήνη, την αλληλεγγύη και την πολιτιστική ποικιλομορφία."
85663734-52e2-4f29-bb0b-fddddd4878d8,10,Νοέμβριος,Παγκόσμια Ημέρα Επιστήμης για την Ειρήνη και την Ανάπτυξη,Τονίζει τον ρόλο της επιστήμης στη βιώσιμη ανάπτυξη και την ειρήνη.
875d5f34-f146-4e0b-b619-17d715b0889d,16,Οκτώβριος,Παγκόσμια Ημέρα Διατροφής,
87fb15e5-e67f-40dd-8450-3a1872cfc1db,5,Μάιος,Παγκόσμια Ημέρα Πορτογαλικής Γλώσσας,Αναδεικνύει τη σημασία της πορτογαλικής ως διεθνούς γλώσσας.
883d616f-8d4a-4c1a-a810-4926f5749623,15,Μάιος,Διεθνής Ημέρα Οικογένειας,Ευκαιρία ευαισθητοποίησης για τα ζητήματα που αφορούν τις οικογένειες.
889525e8-ce64-4730-96ff-3fda0513a0e5,30,Οκτώβριος,Διεθνής Ημέρα Ορθοπεδικών Νοσοκόμων,Αναγνωρίζει τη σημασία των συστημάτων φροντίδας και υποστήριξης.
89df2546-a26d-45f0-94c4-3d6ddd90c1f0,15,Οκτώβριος,Παγκόσμια Ημέρα Πλυσίματος Χεριών,
8a656c1d-5085-41e5-bc9a-6aa9d9989336,20,Νοέμβριος,Παγκόσμια Ημέρα του Παιδιού,Αναδεικνύει τα θεμελιώδη δικαιώματα των παιδιών παγκοσμίως.
8c95bcea-69c5-4ecd-97a6-c4c39a38c8ce,15,Φεβρουάριος,Παγκόσμια Ημέρα κατά του Παιδικού Καρκίνου,
8f96b26f-428d-4ab0-9606-85fd3dea0057,27,Σεπτέμβριος,Παγκόσμια Ημέρα Τουρισμού,Αναδεικνύει τον ρόλο του τουρισμού στην κοινωνική και οικονομική ανάπτυξη.
8fb94f15-0e18-45ef-a448-71431c9ddbd3,9,Φεβρουάριος,Παγκόσμια Ημέρα Ελληνικής Γλώσσας,
9103d59b-5f1a-4a7a-9fdf-fc7c40d480d7,12,Μάρτιος,Παγκόσμια Ημέρα κατά της Λογοκρισίας στο Διαδίκτυο,
9183c6ae-14af-4938-b628-a9764f3c95ac,15,Μάρτιος,Παγκόσμια Ημέρα κατά της Αστυνομικής Βαρβαρότητας,
92a3ff53-77a2-46dd-b59d-e33977995d1d,19,Μάιος,Ημέρα Μνήμης της Γενοκτονίας των Ελλήνων του Πόντου,
932ab480-4f68-4d7e-91da-88bbb9a4202b,25,Μάιος,Παγκόσμια Ημέρα Σκλήρυνσης Κατά Πλάκας,
9564cf1f-76e4-40e0-b9df-4796b378a224,25,Μάρτιος,Διεθνής Ημέρα Μνήμης Θυμάτων Δουλεμπορίου,Τιμά όσους υπέφεραν και πέθαναν ως συνέπεια του δουλεμπορίου.
95815a49-46a4-444c-931f-bf6724643482,8,Αύγουστος,Παγκόσμια Ημέρα Οργασμού,
95d32f33-ca7d-433a-86bc-5cea608c0f71,19,Νοέμβριος,Παγκόσμια Ημέρα Δημόσιας Τουαλέτας,
95de6d7f-e103-49b7-86dd-879fd0ff72b1,20,Οκτώβριος,Παγκόσμια Ημέρα Οστεοπόρωσης,Αναδεικνύει τη σημασία αξιόπιστων στατιστικών για τεκμηριωμένες αποφάσεις.
9977174f-35aa-454b-992f-02c67204659a,24,Απρίλιος,Παγκόσμια Ημέρα Κατάργησης των Πειραμάτων σε Ζώα,
9c2d37fe-48b3-45f9-9111-0af98e493c38,6,Ιούνιος,Ημέρα Ρωσικής Γλώσσας στα Ηνωμένα Έθνη,Προωθεί την πολυγλωσσία και την ισότιμη χρήση των επίσημων γλωσσών του ΟΗΕ.
9cc096e5-6514-4e93-82e4-0719256a8b57,30,Απρίλιος,Διεθνής Ημέρα Τζαζ,Αναδεικνύει την τζαζ ως μέσο ειρήνης και διαλόγου.
9e4d1e65-c3ca-4030-94a6-fcaf0f7f0c2c,17,Οκτώβριος,Παγκόσμια Ημέρα Μυοσκελετικού Τραύματος,
9ec3d451-7591-43a0-ba2c-c0c4253e5064,8,Ιούνιος,Παγκόσμια Ημέρα Ωκεανών,Ενημερώνει για τον αντίκτυπο των ανθρώπινων δράσεων στους ωκεανούς.
9f995bfd-4d4c-40db-9cc8-eaa70629d96d,8,Οκτώβριος,Παγκόσμια Ημέρα Ταχυδρομείων,
a4bb651a-9acc-4282-991d-14925d9e2f1b,11,Μάρτιος,Παγκόσμια Ημέρα Νεφρού,
a6b08729-b9f8-491e-b508-746db524229a,1,Ιούνιος,Παγκόσμια Ημέρα Γονέων,Τιμά τους γονείς σε όλο τον κόσμο για την ανιδιοτελή δέσμευσή τους προς τα παιδιά και τη δια βίου θυσία τους.
a75f31e8-c3fa-4aad-b3ec-0aa2acdb5368,5,Μάιος,Διεθνής Ημέρα Μαιών,
a77bdecc-041e-48f2-9866-58b790d87d9e,4,Οκτώβριος,Παγκόσμια Ημέρα των Ζώων,
aba51376-eb70-4bc0-b5d5-9464f15fa58b,17,Απρίλιος,Παγκόσμια Ημέρα Αιμορροφιλίας,
abf07e63-ab8a-4bc2-91a3-68487c59d4b5,4,Ιούνιος,Διεθνής Ημέρα για τα Αθώα Παιδιά Θύματα Επιθέσεων,"Αναγνωρίζει τον πόνο που υφίστανται παιδιά-θύματα σωματικής, ψυχικής και συναισθηματικής κακοποίησης."
ae044cdb-9a52-4268-b036-9769a7facd87,18,Μάρτιος,Διεθνής Ημέρα Κινητοποιήσεων κατά της Κατοχής του Ιράκ,
ae37fd30-6851-4b64-95cc-ebe2e3e91c98,27,Ιανουάριος,Διεθνής Ημέρα Μνήμης Θυμάτων Ολοκαυτώματος,"Η Διεθνής Ημέρα Μνήμης των Θυμάτων του Ολοκαυτώματος ανακηρύχθηκε τον Νοέμβριο του 2005 από τη Γενική Συνέλευση των Ηνωμένων Εθνών. Αποσκοπεί στην απότιση φόρου τιμής στη μνήμη των θυμάτων και στην καταπολέμηση του αντισημιτισμού, του ρατσισμού και άλλων μορφών μισαλλοδοξίας."
b316a0e0-0d29-4475-b5d0-ef8ba085ce0d,21,Μάρτιος,Παγκόσμια Ημέρα Ποίησης,Υιοθετήθηκε από την UNESCO για την υποστήριξη της γλωσσικής ποικιλομορφίας μέσω της ποιητικής έκφρασης.
b332156b-037c-45d6-a9c8-1d405d2ac535,5,Μάρτιος,Διεθνής Ημέρα Ενημέρωσης για τον Αφοπλισμό και τη Μη-Διάδοση,"Καθιερώθηκε το 2022 για την προώθηση της κατανόησης των θεμάτων αφοπλισμού, ιδιαίτερα από τους νέους."
b39619d7-ad5e-4154-bf49-1d2fa68b438b,1,Νοέμβριος,Παγκόσμια Ημέρα Αυστηράς Χορτοφαγίας,
b43a6190-d3a5-41d4-abe5-26aab58cb3ac,5,Φεβρουάριος,Παγκόσμια Ημέρα Ασφαλούς Πλοήγησης στο Διαδίκτυο,
b48d9353-f770-4d40-8b6e-f77d99a02ed5,18,Δεκέμβριος,Διεθνής Ημέρα Μεταναστών,Αναδεικνύει τη συμβολή και τα δικαιώματα των μεταναστών.
b4f468ab-c48d-4e3d-b0e5-7387f57c4f45,26,Ιανουάριος,Διεθνής Ημέρα Καθαρής Ενέργειας,Η Διεθνής Ημέρα Καθαρής Ενέργειας στις 26 Ιανουάριος κηρύχθηκε από τη Γενική Συνέλευση ως έκκληση για την ευαισθητοποίηση και την κινητοποίηση της δράσης για μια δίκαιη και χωρίς αποκλεισμούς μετάβαση στην καθαρή ενέργεια προς όφελος των ανθρώπων και του πλανήτη.
b4fcc83a-cfc2-4928-80dc-c54195580184,23,Απρίλιος,Παγκόσμια Ημέρα Βιβλίου και Πνευματικών Δικαιωμάτων,Προωθεί την ανάγνωση και την πνευματική δημιουργία.
b5a888ea-ea76-4bb3-8f8b-c9ccc64c6d79,20,Ιούνιος,Παγκόσμια Ημέρα Κυματοδρομίας (Σέρφινγκ),
b5c1e051-a87a-4b6c-b8b5-f06d6481e9e0,12,Φεβρουάριος,Διεθνής Ημέρα για την Πρόληψη του Βίαιου Εξτρεμισμού όταν ευνοεί την Τρομοκρατία,Υιοθετήθηκε το 2022 με σκοπό την ευαισθητοποίηση για τις απειλές του βίαιου εξτρεμισμού και την ενίσχυση της διεθνούς συνεργασίας.
bc4681fe-4c08-4eff-a29c-519168489977,13,Φεβρουάριος,Παγκόσμια Ημέρα Ραδιοφώνου,Καθιερώθηκε το 2012. Το ραδιόφωνο θεωρείται ισχυρό μέσο δημοκρατικού διαλόγου και πολιτιστικής έκφρασης.
bf075724-aa22-4bbb-8d64-a754b8044c8f,28,Ιανουάριος,Διεθνής Ημέρα Ειρηνικής Συμβίωσης,
bf5145e3-e812-4838-8bac-978173062ee1,20,Μάρτιος,Διεθνής Ημέρα Αστρολογίας,
c02ac504-f40f-415a-9962-3d97adb5319c,10,Σεπτέμβριος,Παγκόσμια Ημέρα κατά της Αυτοκτονίας,
c0faaebb-317b-4cd9-8469-d8801ecc538b,29,Οκτώβριος,"Παγκόσμια Ημέρα Φροντίδας και Στήριξης ,Ψωρίασης",Αναγνωρίζει τη σημασία των συστημάτων φροντίδας και υποστήριξης.
c165db97-c40f-46dc-92b8-8e0b8bf2c580,4,Οκτώβριος,Παγκόσμια Ημέρα Κατοικίας,
c257eaf2-bb72-46a4-a531-51595a29683f,8,Σεπτέμβριος,Διεθνής Ημέρα για την Εξάλειψη του Αναλφαβητισμού,Τονίζει τη σημασία του αλφαβητισμού για κοινωνική ανάπτυξη.
c468cbf8-85a8-4235-8ce2-37796c282e2f,1,Οκτώβριος,Παγκόσμια Ημέρα Κατοικίας,
c718298b-6030-43ce-b891-1006eab14b64,26,Απρίλιος,Παγκόσμια Ημέρα Διανοητικής Ιδιοκτησίας,
c8129586-fbe3-4601-a031-d9b30b6ecbca,21,Σεπτέμβριος,Παγκόσμια Ημέρα Αλτσχάιμερ,Προωθεί 24 ώρες μη βίας και παγκόσμια ειρηνική συνύπαρξη.
c8843650-6cc2-46a4-a858-ab987f05ce25,9,Αύγουστος,Διεθνής Ημέρα Αυτοχθόνων Λαών του Κόσμου,Ενημερώνει για τις ανάγκες και τα δικαιώματα των αυτοχθόνων λαών.
c89f3edd-2acb-454a-912e-751fb54cd4fe,31,Ιανουάριος,Παγκόσμια Ημέρα κατά της Λέπρας,
c997cdb8-dc2d-421b-881c-57f1ebd6ed0b,13,Φεβρουάριος,Διεθνής Ημέρα Προφυλακτικού,
cb89c4aa-df1b-4697-93b0-06e11f5204ae,24,Οκτώβριος,Ημέρα του ΟΗΕ,Σηματοδοτεί την έναρξη ισχύος του Χάρτη των Ηνωμένων Εθνών το 1945.
cee5080e-50c2-47a8-9225-4983cafd45a0,18,Μάιος,Παγκόσμια Ημέρα Μουσείων,
cf870fc8-4f33-4de0-bb06-1af2e79ef785,1,Μάιος,Παγκόσμια Ημέρα για τη Νομιμοποίηση της Κάνναβης,
cfedf9e9-f3c2-45e1-b4a0-38623911d61b,20,Δεκέμβριος,Διεθνής Ημέρα Ανθρώπινης Αλληλεγγύης,Προωθεί την κουλτούρα αλληλεγγύης και συνεργασίας.
d01991f5-fadb-414f-9777-35530477b0d8,7,Απρίλιος,Διεθνής Ημέρα Μνήμης για τη Γενοκτονία των Τούτσι στη Ρουάντα,Τιμά τη μνήμη των θυμάτων και ενισχύει την ανθεκτικότητα έναντι των διακρίσεων.
d0cd9738-30cd-4b99-a68a-77f145d6b338,27,Μάρτιος,Διεθνής Ημέρα Κοινωνικής Εργασίας,
d27655db-87ce-41fa-9e9f-580e12f97f19,12,Οκτώβριος,Παγκόσμια Ημέρα Αποδημητικών Πτηνών,Ενισχύει την αναγνώριση και την προστασία των αποδημητικών πτηνών.
d49695b0-9118-4f8f-bb7b-d0d56f8cbbda,21,Μάιος,Παγκόσμια Ημέρα Πολιτιστικής Ποικιλομορφίας,Προωθεί τον πολιτιστικό διάλογο και την ένταξη.
d4e6f91d-d006-4070-8401-6257f7b09b94,15,Ιούνιος,Παγκόσμια Ημέρα Ενημέρωσης για την Κακοποίηση των Ηλικιωμένων,Ευαισθητοποιεί για την κακοποίηση και παραμέληση των ηλικιωμένων.
d835deb1-058f-4f60-bcb7-26229042a01f,20,Απρίλιος,Ημέρα Κινεζικής Γλώσσας στα Ηνωμένα Έθνη,Προωθεί την πολυγλωσσία και την πολιτιστική ποικιλομορφία.
d889877b-32eb-496d-b87c-632f697db284,14,Οκτώβριος,Παγκόσμια Ημέρα Όρασης (Κατά της Τύφλωσης),
d8bc5fc4-277a-468f-a65d-9df772555f93,15,Ιούλιος,Παγκόσμια Ημέρα Νεανικών Δεξιοτήτων,Τονίζει τη σημασία δεξιοτήτων για εργασία και επιχειρηματικότητα.
d8ccc937-e0cf-45d6-805b-81184947a57b,1,Δεκέμβριος,Παγκόσμια Ημέρα κατά του AIDS,Ευαισθητοποιεί για το HIV/AIDS και υποστηρίζει την πρόσβαση σε θεραπεία.
d98d0fd9-2338-45ac-9055-b9bce3405bdd,6,Νοέμβριος,Διεθνής Ημέρα για την Αποτροπή της Εκμετάλλευσης του Περιβάλλοντος σε Πολέμους,Αναδεικνύει την ανάγκη προστασίας του περιβάλλοντος σε ένοπλες συγκρούσεις.
d9a42ffc-4d29-4767-a448-96e072621a7f,21,Απρίλιος,Παγκόσμια Ημέρα Δημιουργικότητας και Καινοτομίας,Αναδεικνύει τον ρόλο της δημιουργικότητας στην ανθρώπινη ανάπτυξη.
dc85c830-4d37-41e2-8ded-6f7c902073b0,31,Οκτώβριος,Παγκόσμια Ημέρα Πόλεων,Εστιάζει στη βιώσιμη αστική ανάπτυξη και την παγκόσμια αστικοποίηση.
dcb0b563-448d-4b36-b197-e0b056134e23,11,Ιούλιος,Παγκόσμια Ημέρα Πληθυσμού,Ενημερώνει για δημογραφικά ζητήματα και βιώσιμη ανάπτυξη.
dcca4ad2-4ced-433d-90a5-65e628f87483,20,Οκτώβριος,Διεθνής Ημέρα Ελεγκτών Εναέριας Κυκλοφορίας,Αναδεικνύει τη σημασία αξιόπιστων στατιστικών για τεκμηριωμένες αποφάσεις.
de718c11-e9b8-43eb-9653-afa15148b77f,21,Ιούνιος,Ολυμπιακή Ημέρα,
df4e8f03-7d23-4a8f-83a5-25ed2cef1446,20,Μάρτιος,Διεθνής Ημέρα της Γης,
e0261a79-0601-4a3b-8c94-b4f5a7d63c07,16,Οκτώβριος,Παγκόσμια Ημέρα Τροφίμων,Τιμά την ίδρυση του FAO και προωθεί την επισιτιστική ασφάλεια.
e15f82fd-a1c3-4831-9c6a-e60d453a19ff,30,Αύγουστος,Ημέρα για τα Θύματα των Βίαιων Εξαφανίσεων,Εκφράζει ανησυχία για τις αναγκαστικές εξαφανίσεις παγκοσμίως.
e18acecb-48ec-49bb-a395-426a15b68506,12,Απρίλιος,Διεθνής Ημέρα της Πτήσης του Ανθρώπου στο Διάστημα,Γιορτάζει την έναρξη της διαστημικής εποχής για την ανθρωπότητα.
e2e686c0-c242-4205-aa0b-58d3b95bd793,8,Μάιος,Παγκόσμια Ημέρα Ερυθρού Σταυρού και Ερυθράς Ημισελήνου,
e39c36fc-e5df-4d73-bdac-a47b9f93a496,14,Φεβρουάριος,Παγκόσμια Ημέρα του Γάμου,
e55f8ace-9c0f-4a0b-aa49-114c8266d3f5,21,Νοέμβριος,"Παγκόσμια Ημέρα Φιλοσοφίας,Τηλεόρασης,Χαιρετισμού",
e754a491-ba7e-4227-802e-894206e73357,20,Φεβρουάριος,Παγκόσμια Ημέρα Κοινωνικής Δικαιοσύνης,Καθιερώθηκε το 2007. Η κοινωνική δικαιοσύνη θεωρείται θεμελιώδης για την ειρήνη και την ασφάλεια.
e817cb81-d181-45a1-b1ac-617add0eb9a3,15,Σεπτέμβριος,Διεθνής Ημέρα Δημοκρατίας,Αναδεικνύει τη σημασία της συμμετοχής και της δημοκρατικής διακυβέρνησης.
ea721df1-35a0-4e8c-8bd8-05b9a6080428,2,Φεβρουάριος,Παγκόσμια Ημέρα Υγρότοπων,Η ημέρα σηματοδοτεί την υιοθέτηση της Σύμβασης για τους υγροτόπους στις 2 Φεβρουάριος 1971. Ο ΟΗΕ γιορτάζει τον ζωτικό ρόλο των υγροτόπων στη διασφάλιση της ανθρώπινης υγείας και ευημερίας εν μέσω της κλιματικής αλλαγής.
ea8dfac1-44ba-4fc9-be13-1d1b2ad4ae00,16,Απρίλιος,Διεθνής Ημέρα κατά του Θορύβου,
eaf51d66-7927-4af5-b3d0-6847188d2832,27,Δεκέμβριος,Παγκόσμια Ημέρα Επιδημιολογικής Ετοιμότητας,Τονίζει τη σημασία διεθνούς συνεργασίας για την αντιμετώπιση επιδημιών.
eb18ca93-4ffd-45c4-a811-17af5871afc4,18,Απρίλιος,Παγκόσμια Ημέρα Πολιτιστικής Κληρονομιάς,
ebd4079b-0d84-418c-a205-f3bb0725cf79,22,Μάιος,Διεθνής Ημέρα Βιοποικιλότητας,Ευαισθητοποιεί για τον ουσιαστικό ρόλο της βιοποικιλότητας.
ecc595e5-a0d6-4c04-b1cc-476d903d9240,4,Οκτώβριος,Παγκόσμια Ημέρα Αρχιτεκτονικής,
ef4ee121-d548-47bb-af18-4256219c828a,10,Δεκέμβριος,Ημέρα Ανθρωπίνων Δικαιωμάτων,Τιμά την υιοθέτηση της Οικουμενικής Διακήρυξης των Ανθρωπίνων Δικαιωμάτων.
f0fc7945-f0ae-4401-bf8c-e85d90b84750,20,Μάρτιος,Παγκόσμια Ημέρα Αποχής από το Κρέας,
f10658b2-480b-4000-aaff-81c116f144cf,5,Νοέμβριος,Διεθνής Ημέρα Ενημέρωσης για το Τσουνάμι,Ενισχύει την ενημέρωση και τη μείωση κινδύνου από τσουνάμι.
f14b84e1-ce79-4e0a-a909-a7db71475dc6,3,Μάιος,Παγκόσμια Ημέρα Ελευθερίας του Τύπου,Τονίζει τη σημασία της ελευθερίας της έκφρασης και της ενημέρωσης.
f1cc61d9-c319-44af-88ef-b8dfbcc0c516,1,Οκτώβριος,Διεθνής Ημέρα Ηλικιωμένων,Εστιάζει στις ευκαιρίες και τις προκλήσεις της γήρανσης του πληθυσμού και στην ανάπτυξη μιας κοινωνίας για όλες τις ηλικίες.
f201e762-0c44-4810-867a-605c0fdb4ce4,21,Ιούνιος,Διεθνής Ημέρα Γιόγκα,Ενημερώνει για τα σωματικά και ψυχικά οφέλη της γιόγκα.
f2cfe109-ca6b-4ba8-a3e8-b0e6cae16b5f,13,Αύγουστος,Παγκόσμια Ημέρα Αριστερόχειρων,Αναγνωρίζει τον ρόλο των νέων στη σύγχρονη παγκόσμια κοινωνία.
f30eb152-3af0-4cbf-a04f-860b0873006b,2,Μάιος,Παγκόσμια Ημέρα Γέλιου,Ευαισθητοποιεί για τη βιώσιμη διαχείριση των αποθεμάτων τόνου.
f34c9ae1-c60a-4b0c-9a27-626e36af4b80,21,Φεβρουάριος,Παγκόσμια Ημέρα Ξεναγού,
f55ed07a-90da-4f8b-97e7-929c6906cf55,1,Μάρτιος,Ημέρα Μηδενικών Διακρίσεων,Η 1η Μάρτιος έχει καθιερωθεί ως Ημέρα Μηδενικών Διακρίσεων με σκοπό την ανάδειξη του δικαιώματος κάθε ανθρώπου να ζει μια πλήρη και παραγωγική ζωή με αξιοπρέπεια.
f5f71c48-e6c4-4320-a07b-3680ee2c5b9a,1,Οκτώβριος,Παγκόσμια Ημέρα Αρχιτεκτονικής,
f7176381-99e0-4328-a29b-eccc6a6c4d56,5,Σεπτέμβριος,Διεθνής Ημέρα Φιλανθρωπίας,Αναγνωρίζει τον ρόλο της φιλανθρωπίας στην ανακούφιση ανθρωπιστικών κρίσεων.
f89b60ce-ec74-4806-9392-c89197f5e576,20,Ιούλιος,Παγκόσμια Ημέρα Σκακιού,"Προωθεί τον διάλογο, τη φιλία και την ειρήνη μέσω του σκακιού."
fa4afed8-d07b-4abc-abd8-58b5474a738d,30,Ιούλιος,Διεθνής Ημέρα Φιλίας,Αναδεικνύει τη φιλία ως γέφυρα ειρήνης μεταξύ λαών και πολιτισμών.
fa5d3107-3e82-46ca-b5c2-aab9a3448c1c,26,Ιούνιος,Διεθνής Ημέρα κατά των Βασανιστηρίων,
fa891e2b-5a71-4677-b348-1b180ab87307,21,Φεβρουάριος,Διεθνής Ημέρα Μητρικής Γλώσσας,"Αποσκοπεί στην προώθηση της γλωσσικής ποικιλομορφίας, του διαπολιτισμικού διαλόγου και της ποιοτικής εκπαίδευσης για όλους."
fba69a40-384f-4fce-b83d-7b20d4ed4056,12,Ιούνιος,Παγκόσμια Ημέρα κατά της Παιδικής Εργασίας,Ενισχύει το παγκόσμιο κίνημα για την εξάλειψη της παιδικής εργασίας.
fbafdd48-0fee-4a71-a870-1e8161ec04a9,6,Απρίλιος,Παγκόσμια Ημέρα Αθλητισμού για την Ανάπτυξη και την Ειρήνη,Αναδεικνύει τον ρόλο του αθλητισμού στην κοινωνική ανάπτυξη και τα ανθρώπινα δικαιώματα.
fca1ba7e-c1dc-4f0a-bb35-b3604d5d17af,12,Μάιος,Διεθνής Ημέρα Αδελφών Νοσοκόμων,
fd8224c3-b3dc-45bd-a180-b138c4205faa,20,Αύγουστος,Παγκόσμια Ημέρα κατά των Κουνουπιών,
fdc77214-f210-4b29-9cc4-85c030e240a9,21,Ιανουάριος,Παγκόσμια Ημέρα Αγκαλιάς,Η Παγκόσμια Ημέρα Αγκαλιάς γιορτάζεται κάθε χρόνο στις 21 Ιανουάριος και έχει ως στόχο να προωθήσει τη θετική ενέργεια και τη σύνδεση μεταξύ των ανθρώπων μέσω της απλής πράξης της αγκαλιάς.
fdd91047-b553-40f9-82a1-a95f45f8c839,28,Ιούλιος,Παγκόσμια Ημέρα Ηπατίτιδας,"Προωθεί τον διάλογο, τη φιλία και την ειρήνη μέσω του σκακιού."